filename,size,date
Miniconda3-latest-Windows-x86_64.exe,85.7M,2024-10-23 02:24:15
Miniconda3-latest-MacOSX-x86_64.sh,108.3M,2024-10-23 02:24:15
Miniconda3-latest-MacOSX-x86_64.pkg,107.6M,2024-10-23 02:24:15
Miniconda3-latest-MacOSX-arm64.sh,105.3M,2024-10-23 02:24:15
Miniconda3-latest-MacOSX-arm64.pkg,104.5M,2024-10-23 02:24:15
Miniconda3-latest-Linux-x86_64.sh,141.5M,2024-10-23 02:24:15
Miniconda3-latest-Linux-s390x.sh,137.6M,2024-10-23 02:24:15
Miniconda3-latest-Linux-aarch64.sh,115.5M,2024-10-23 02:24:15
Miniconda3-latest-Linux-ppc64le.sh,94.9M,2023-11-16 13:51:52
Miniconda3-latest-Windows-x86.exe,67.8M,2022-05-16 14:57:25
Miniconda3-latest-Linux-x86.sh,62.7M,2019-01-02 10:05:14
Miniconda3-latest-MacOSX-x86.sh,26.0M,2015-08-24 12:34:00
Miniconda3-latest-Linux-armv7l.sh,29.9M,2015-08-24 12:34:00
Miniconda3-py39_24.9.2-0-Windows-x86_64.exe,83.1M,2024-10-23 02:24:15
Miniconda3-py39_24.9.2-0-MacOSX-x86_64.sh,105.1M,2024-10-23 02:24:15
Miniconda3-py39_24.9.2-0-MacOSX-x86_64.pkg,104.4M,2024-10-23 02:24:15
Miniconda3-py39_24.9.2-0-MacOSX-arm64.sh,102.0M,2024-10-23 02:24:15
Miniconda3-py39_24.9.2-0-MacOSX-arm64.pkg,101.2M,2024-10-23 02:24:15
Miniconda3-py39_24.9.2-0-Linux-x86_64.sh,130.0M,2024-10-23 02:24:15
Miniconda3-py39_24.9.2-0-Linux-s390x.sh,126.6M,2024-10-23 02:24:15
Miniconda3-py39_24.9.2-0-Linux-aarch64.sh,124.2M,2024-10-23 02:24:15
Miniconda3-py312_24.9.2-0-Windows-x86_64.exe,85.7M,2024-10-23 02:24:15
Miniconda3-py312_24.9.2-0-MacOSX-x86_64.sh,108.3M,2024-10-23 02:24:15
Miniconda3-py312_24.9.2-0-MacOSX-x86_64.pkg,107.6M,2024-10-23 02:24:15
Miniconda3-py312_24.9.2-0-MacOSX-arm64.sh,105.3M,2024-10-23 02:24:15
Miniconda3-py312_24.9.2-0-MacOSX-arm64.pkg,104.5M,2024-10-23 02:24:15
Miniconda3-py312_24.9.2-0-Linux-x86_64.sh,141.5M,2024-10-23 02:24:15
Miniconda3-py312_24.9.2-0-Linux-s390x.sh,137.6M,2024-10-23 02:24:15
Miniconda3-py312_24.9.2-0-Linux-aarch64.sh,115.5M,2024-10-23 02:24:15
Miniconda3-py311_24.9.2-0-Windows-x86_64.exe,88.0M,2024-10-23 02:24:15
Miniconda3-py311_24.9.2-0-MacOSX-x86_64.sh,110.1M,2024-10-23 02:24:15
Miniconda3-py311_24.9.2-0-MacOSX-x86_64.pkg,109.3M,2024-10-23 02:24:15
Miniconda3-py311_24.9.2-0-MacOSX-arm64.sh,107.0M,2024-10-23 02:24:15
Miniconda3-py311_24.9.2-0-MacOSX-arm64.pkg,106.2M,2024-10-23 02:24:15
Miniconda3-py311_24.9.2-0-Linux-x86_64.sh,139.7M,2024-10-23 02:24:15
Miniconda3-py311_24.9.2-0-Linux-s390x.sh,136.2M,2024-10-23 02:24:15
Miniconda3-py311_24.9.2-0-Linux-aarch64.sh,117.1M,2024-10-23 02:24:15
Miniconda3-py310_24.9.2-0-Windows-x86_64.exe,83.3M,2024-10-23 02:24:15
Miniconda3-py310_24.9.2-0-MacOSX-x86_64.sh,105.7M,2024-10-23 02:24:15
Miniconda3-py310_24.9.2-0-MacOSX-x86_64.pkg,105.0M,2024-10-23 02:24:15
Miniconda3-py310_24.9.2-0-MacOSX-arm64.sh,102.6M,2024-10-23 02:24:15
Miniconda3-py310_24.9.2-0-MacOSX-arm64.pkg,101.8M,2024-10-23 02:24:15
Miniconda3-py310_24.9.2-0-Linux-x86_64.sh,131.9M,2024-10-23 02:24:15
Miniconda3-py310_24.9.2-0-Linux-s390x.sh,128.4M,2024-10-23 02:24:15
Miniconda3-py310_24.9.2-0-Linux-aarch64.sh,112.2M,2024-10-23 02:24:15
Miniconda3-py39_24.7.1-0-Windows-x86_64.exe,83.1M,2024-08-22 09:25:53
Miniconda3-py39_24.7.1-0-MacOSX-x86_64.sh,105.7M,2024-08-22 09:25:53
Miniconda3-py39_24.7.1-0-MacOSX-x86_64.pkg,105.0M,2024-08-22 09:25:53
Miniconda3-py39_24.7.1-0-MacOSX-arm64.sh,101.7M,2024-08-22 09:25:53
Miniconda3-py39_24.7.1-0-MacOSX-arm64.pkg,100.9M,2024-08-22 09:25:53
Miniconda3-py39_24.7.1-0-Linux-x86_64.sh,130.4M,2024-08-22 09:25:53
Miniconda3-py39_24.7.1-0-Linux-s390x.sh,127.3M,2024-08-22 09:25:53
Miniconda3-py39_24.7.1-0-Linux-aarch64.sh,124.7M,2024-08-22 09:25:53
Miniconda3-py312_24.7.1-0-Windows-x86_64.exe,85.6M,2024-08-22 09:25:53
Miniconda3-py312_24.7.1-0-MacOSX-x86_64.sh,108.9M,2024-08-22 09:25:53
Miniconda3-py312_24.7.1-0-MacOSX-x86_64.pkg,108.2M,2024-08-22 09:25:53
Miniconda3-py312_24.7.1-0-MacOSX-arm64.sh,107.5M,2024-08-22 09:25:53
Miniconda3-py312_24.7.1-0-MacOSX-arm64.pkg,106.7M,2024-08-22 09:25:53
Miniconda3-py312_24.7.1-0-Linux-x86_64.sh,142.1M,2024-08-22 09:25:53
Miniconda3-py312_24.7.1-0-Linux-s390x.sh,138.2M,2024-08-22 09:25:53
Miniconda3-py312_24.7.1-0-Linux-aarch64.sh,116.2M,2024-08-22 09:25:53
Miniconda3-py311_24.7.1-0-Windows-x86_64.exe,87.4M,2024-08-22 09:25:53
Miniconda3-py311_24.7.1-0-MacOSX-x86_64.sh,110.5M,2024-08-22 09:25:53
Miniconda3-py311_24.7.1-0-MacOSX-x86_64.pkg,109.8M,2024-08-22 09:25:53
Miniconda3-py311_24.7.1-0-MacOSX-arm64.sh,107.4M,2024-08-22 09:25:53
Miniconda3-py311_24.7.1-0-MacOSX-arm64.pkg,106.6M,2024-08-22 09:25:53
Miniconda3-py311_24.7.1-0-Linux-x86_64.sh,140.1M,2024-08-22 09:25:53
Miniconda3-py311_24.7.1-0-Linux-s390x.sh,136.6M,2024-08-22 09:25:53
Miniconda3-py311_24.7.1-0-Linux-aarch64.sh,117.5M,2024-08-22 09:25:53
Miniconda3-py310_24.7.1-0-Windows-x86_64.exe,83.1M,2024-08-22 09:25:53
Miniconda3-py310_24.7.1-0-MacOSX-x86_64.sh,106.3M,2024-08-22 09:25:53
Miniconda3-py310_24.7.1-0-MacOSX-x86_64.pkg,105.6M,2024-08-22 09:25:53
Miniconda3-py310_24.7.1-0-MacOSX-arm64.sh,103.2M,2024-08-22 09:25:53
Miniconda3-py310_24.7.1-0-MacOSX-arm64.pkg,102.4M,2024-08-22 09:25:53
Miniconda3-py310_24.7.1-0-Linux-x86_64.sh,132.4M,2024-08-22 09:25:53
Miniconda3-py310_24.7.1-0-Linux-s390x.sh,129.4M,2024-08-22 09:25:53
Miniconda3-py310_24.7.1-0-Linux-aarch64.sh,113.4M,2024-08-22 09:25:53
Miniconda3-py39_24.5.0-0-Windows-x86_64.exe,80.7M,2024-06-26 15:30:21
Miniconda3-py39_24.5.0-0-MacOSX-x86_64.sh,103.7M,2024-06-26 15:30:21
Miniconda3-py39_24.5.0-0-MacOSX-x86_64.pkg,103.0M,2024-06-26 15:30:21
Miniconda3-py39_24.5.0-0-MacOSX-arm64.sh,99.8M,2024-06-26 15:30:21
Miniconda3-py39_24.5.0-0-MacOSX-arm64.pkg,99.0M,2024-06-26 15:30:21
Miniconda3-py39_24.5.0-0-Linux-x86_64.sh,128.5M,2024-06-26 15:30:21
Miniconda3-py39_24.5.0-0-Linux-s390x.sh,125.3M,2024-06-26 15:30:21
Miniconda3-py39_24.5.0-0-Linux-aarch64.sh,122.8M,2024-06-26 15:30:21
Miniconda3-py312_24.5.0-0-Windows-x86_64.exe,83.1M,2024-06-26 15:30:21
Miniconda3-py312_24.5.0-0-MacOSX-x86_64.sh,106.9M,2024-06-26 15:30:21
Miniconda3-py312_24.5.0-0-MacOSX-x86_64.pkg,106.2M,2024-06-26 15:30:21
Miniconda3-py312_24.5.0-0-MacOSX-arm64.sh,105.5M,2024-06-26 15:30:21
Miniconda3-py312_24.5.0-0-MacOSX-arm64.pkg,104.7M,2024-06-26 15:30:21
Miniconda3-py312_24.5.0-0-Linux-x86_64.sh,140.0M,2024-06-26 15:30:21
Miniconda3-py312_24.5.0-0-Linux-s390x.sh,136.2M,2024-06-26 15:30:21
Miniconda3-py312_24.5.0-0-Linux-aarch64.sh,114.2M,2024-06-26 15:30:21
Miniconda3-py311_24.5.0-0-Windows-x86_64.exe,84.9M,2024-06-26 15:30:21
Miniconda3-py311_24.5.0-0-MacOSX-x86_64.sh,108.5M,2024-06-26 15:30:21
Miniconda3-py311_24.5.0-0-MacOSX-x86_64.pkg,107.8M,2024-06-26 15:30:21
Miniconda3-py311_24.5.0-0-MacOSX-arm64.sh,105.4M,2024-06-26 15:30:21
Miniconda3-py311_24.5.0-0-MacOSX-arm64.pkg,104.6M,2024-06-26 15:30:21
Miniconda3-py311_24.5.0-0-Linux-x86_64.sh,138.1M,2024-06-26 15:30:21
Miniconda3-py311_24.5.0-0-Linux-s390x.sh,134.6M,2024-06-26 15:30:21
Miniconda3-py311_24.5.0-0-Linux-aarch64.sh,115.6M,2024-06-26 15:30:21
Miniconda3-py310_24.5.0-0-Windows-x86_64.exe,80.7M,2024-06-26 15:30:21
Miniconda3-py310_24.5.0-0-MacOSX-x86_64.sh,104.3M,2024-06-26 15:30:21
Miniconda3-py310_24.5.0-0-MacOSX-x86_64.pkg,103.6M,2024-06-26 15:30:21
Miniconda3-py310_24.5.0-0-MacOSX-arm64.sh,101.2M,2024-06-26 15:30:21
Miniconda3-py310_24.5.0-0-MacOSX-arm64.pkg,100.5M,2024-06-26 15:30:21
Miniconda3-py310_24.5.0-0-Linux-x86_64.sh,130.5M,2024-06-26 15:30:21
Miniconda3-py310_24.5.0-0-Linux-s390x.sh,127.5M,2024-06-26 15:30:21
Miniconda3-py310_24.5.0-0-Linux-aarch64.sh,111.6M,2024-06-26 15:30:21
Miniconda3-py39_24.4.0-0-Windows-x86_64.exe,77.5M,2024-05-20 13:08:45
Miniconda3-py39_24.4.0-0-MacOSX-x86_64.sh,100.7M,2024-05-20 13:08:45
Miniconda3-py39_24.4.0-0-MacOSX-x86_64.pkg,100.0M,2024-05-20 13:08:45
Miniconda3-py39_24.4.0-0-MacOSX-arm64.sh,96.6M,2024-05-20 13:08:45
Miniconda3-py39_24.4.0-0-MacOSX-arm64.pkg,95.9M,2024-05-20 13:08:45
Miniconda3-py39_24.4.0-0-Linux-x86_64.sh,125.6M,2024-05-20 13:08:45
Miniconda3-py39_24.4.0-0-Linux-s390x.sh,122.3M,2024-05-20 13:08:45
Miniconda3-py39_24.4.0-0-Linux-aarch64.sh,120.0M,2024-05-20 13:08:45
Miniconda3-py312_24.4.0-0-Windows-x86_64.exe,79.5M,2024-05-20 13:08:45
Miniconda3-py312_24.4.0-0-MacOSX-x86_64.sh,104.0M,2024-05-20 13:08:45
Miniconda3-py312_24.4.0-0-MacOSX-x86_64.pkg,103.3M,2024-05-20 13:08:45
Miniconda3-py312_24.4.0-0-MacOSX-arm64.sh,102.3M,2024-05-20 13:08:45
Miniconda3-py312_24.4.0-0-MacOSX-arm64.pkg,101.5M,2024-05-20 13:08:45
Miniconda3-py312_24.4.0-0-Linux-x86_64.sh,137.1M,2024-05-20 13:08:45
Miniconda3-py312_24.4.0-0-Linux-s390x.sh,133.1M,2024-05-20 13:08:45
Miniconda3-py312_24.4.0-0-Linux-aarch64.sh,111.4M,2024-05-20 13:08:45
Miniconda3-py311_24.4.0-0-Windows-x86_64.exe,81.7M,2024-05-20 13:08:45
Miniconda3-py311_24.4.0-0-MacOSX-x86_64.sh,105.5M,2024-05-20 13:08:45
Miniconda3-py311_24.4.0-0-MacOSX-x86_64.pkg,104.8M,2024-05-20 13:08:45
Miniconda3-py311_24.4.0-0-MacOSX-arm64.sh,102.2M,2024-05-20 13:08:45
Miniconda3-py311_24.4.0-0-MacOSX-arm64.pkg,101.5M,2024-05-20 13:08:45
Miniconda3-py311_24.4.0-0-Linux-x86_64.sh,135.2M,2024-05-20 13:08:45
Miniconda3-py311_24.4.0-0-Linux-s390x.sh,131.6M,2024-05-20 13:08:45
Miniconda3-py311_24.4.0-0-Linux-aarch64.sh,112.7M,2024-05-20 13:08:45
Miniconda3-py310_24.4.0-0-Windows-x86_64.exe,77.5M,2024-05-20 13:08:45
Miniconda3-py310_24.4.0-0-MacOSX-x86_64.sh,101.4M,2024-05-20 13:08:45
Miniconda3-py310_24.4.0-0-MacOSX-x86_64.pkg,100.7M,2024-05-20 13:08:45
Miniconda3-py310_24.4.0-0-MacOSX-arm64.sh,98.1M,2024-05-20 13:08:45
Miniconda3-py310_24.4.0-0-MacOSX-arm64.pkg,97.3M,2024-05-20 13:08:45
Miniconda3-py310_24.4.0-0-Linux-x86_64.sh,127.5M,2024-05-20 13:08:45
Miniconda3-py310_24.4.0-0-Linux-s390x.sh,124.4M,2024-05-20 13:08:45
Miniconda3-py310_24.4.0-0-Linux-aarch64.sh,108.8M,2024-05-20 13:08:45
Miniconda3-py39_24.3.0-0-Windows-x86_64.exe,76.3M,2024-04-15 09:29:34
Miniconda3-py39_24.3.0-0-MacOSX-x86_64.sh,100.2M,2024-04-15 09:29:34
Miniconda3-py39_24.3.0-0-MacOSX-x86_64.pkg,99.6M,2024-04-15 09:29:34
Miniconda3-py39_24.3.0-0-MacOSX-arm64.sh,97.7M,2024-04-15 09:29:34
Miniconda3-py39_24.3.0-0-MacOSX-arm64.pkg,97.0M,2024-04-15 09:29:34
Miniconda3-py39_24.3.0-0-Linux-x86_64.sh,125.4M,2024-04-15 09:29:34
Miniconda3-py39_24.3.0-0-Linux-s390x.sh,121.9M,2024-04-15 09:29:34
Miniconda3-py39_24.3.0-0-Linux-aarch64.sh,119.6M,2024-04-15 09:29:34
Miniconda3-py312_24.3.0-0-Windows-x86_64.exe,77.5M,2024-04-15 09:29:34
Miniconda3-py312_24.3.0-0-MacOSX-x86_64.sh,103.0M,2024-04-15 09:29:34
Miniconda3-py312_24.3.0-0-MacOSX-x86_64.pkg,102.3M,2024-04-15 09:29:34
Miniconda3-py312_24.3.0-0-MacOSX-arm64.sh,102.0M,2024-04-15 09:29:34
Miniconda3-py312_24.3.0-0-MacOSX-arm64.pkg,101.2M,2024-04-15 09:29:34
Miniconda3-py312_24.3.0-0-Linux-x86_64.sh,136.7M,2024-04-15 09:29:34
Miniconda3-py312_24.3.0-0-Linux-s390x.sh,132.4M,2024-04-15 09:29:34
Miniconda3-py312_24.3.0-0-Linux-aarch64.sh,110.3M,2024-04-15 09:29:34
Miniconda3-py311_24.3.0-0-Windows-x86_64.exe,79.8M,2024-04-15 09:29:34
Miniconda3-py311_24.3.0-0-MacOSX-x86_64.sh,104.9M,2024-04-15 09:29:34
Miniconda3-py311_24.3.0-0-MacOSX-x86_64.pkg,104.3M,2024-04-15 09:29:34
Miniconda3-py311_24.3.0-0-MacOSX-arm64.sh,102.4M,2024-04-15 09:29:34
Miniconda3-py311_24.3.0-0-MacOSX-arm64.pkg,101.6M,2024-04-15 09:29:34
Miniconda3-py311_24.3.0-0-Linux-x86_64.sh,134.9M,2024-04-15 09:29:34
Miniconda3-py311_24.3.0-0-Linux-s390x.sh,131.0M,2024-04-15 09:29:34
Miniconda3-py311_24.3.0-0-Linux-aarch64.sh,112.2M,2024-04-15 09:29:34
Miniconda3-py310_24.3.0-0-Windows-x86_64.exe,76.2M,2024-04-15 09:29:34
Miniconda3-py310_24.3.0-0-MacOSX-x86_64.sh,100.9M,2024-04-15 09:29:34
Miniconda3-py310_24.3.0-0-MacOSX-x86_64.pkg,100.3M,2024-04-15 09:29:34
Miniconda3-py310_24.3.0-0-MacOSX-arm64.sh,98.3M,2024-04-15 09:29:34
Miniconda3-py310_24.3.0-0-MacOSX-arm64.pkg,97.6M,2024-04-15 09:29:34
Miniconda3-py310_24.3.0-0-Linux-x86_64.sh,127.9M,2024-04-15 09:29:34
Miniconda3-py310_24.3.0-0-Linux-s390x.sh,124.6M,2024-04-15 09:29:34
Miniconda3-py310_24.3.0-0-Linux-aarch64.sh,108.9M,2024-04-15 09:29:34
Miniconda3-py39_24.1.2-0-Windows-x86_64.exe,77.3M,2024-02-27 12:46:51
Miniconda3-py39_24.1.2-0-MacOSX-x86_64.sh,101.3M,2024-02-27 12:46:51
Miniconda3-py39_24.1.2-0-MacOSX-x86_64.pkg,100.6M,2024-02-27 12:46:51
Miniconda3-py39_24.1.2-0-MacOSX-arm64.sh,97.9M,2024-02-27 12:46:51
Miniconda3-py39_24.1.2-0-MacOSX-arm64.pkg,97.1M,2024-02-27 12:46:51
Miniconda3-py39_24.1.2-0-Linux-x86_64.sh,126.2M,2024-02-27 12:46:51
Miniconda3-py39_24.1.2-0-Linux-s390x.sh,122.8M,2024-02-27 12:46:51
Miniconda3-py39_24.1.2-0-Linux-aarch64.sh,120.4M,2024-02-27 12:46:51
Miniconda3-py312_24.1.2-0-Windows-x86_64.exe,78.1M,2024-02-27 12:46:51
Miniconda3-py312_24.1.2-0-MacOSX-x86_64.sh,103.9M,2024-02-27 12:46:51
Miniconda3-py312_24.1.2-0-MacOSX-x86_64.pkg,103.2M,2024-02-27 12:46:51
Miniconda3-py312_24.1.2-0-MacOSX-arm64.sh,102.9M,2024-02-27 12:46:51
Miniconda3-py312_24.1.2-0-MacOSX-arm64.pkg,102.1M,2024-02-27 12:46:51
Miniconda3-py312_24.1.2-0-Linux-x86_64.sh,137.4M,2024-02-27 12:46:51
Miniconda3-py312_24.1.2-0-Linux-s390x.sh,133.2M,2024-02-27 12:46:51
Miniconda3-py312_24.1.2-0-Linux-aarch64.sh,111.0M,2024-02-27 12:46:51
Miniconda3-py311_24.1.2-0-Windows-x86_64.exe,81.0M,2024-02-27 12:46:51
Miniconda3-py311_24.1.2-0-MacOSX-x86_64.sh,105.9M,2024-02-27 12:46:51
Miniconda3-py311_24.1.2-0-MacOSX-x86_64.pkg,105.2M,2024-02-27 12:46:51
Miniconda3-py311_24.1.2-0-MacOSX-arm64.sh,103.4M,2024-02-27 12:46:51
Miniconda3-py311_24.1.2-0-MacOSX-arm64.pkg,102.6M,2024-02-27 12:46:51
Miniconda3-py311_24.1.2-0-Linux-x86_64.sh,135.7M,2024-02-27 12:46:51
Miniconda3-py311_24.1.2-0-Linux-s390x.sh,131.9M,2024-02-27 12:46:51
Miniconda3-py311_24.1.2-0-Linux-aarch64.sh,113.0M,2024-02-27 12:46:51
Miniconda3-py310_24.1.2-0-Windows-x86_64.exe,76.8M,2024-02-27 12:46:51
Miniconda3-py310_24.1.2-0-MacOSX-x86_64.sh,101.9M,2024-02-27 12:46:51
Miniconda3-py310_24.1.2-0-MacOSX-x86_64.pkg,101.2M,2024-02-27 12:46:51
Miniconda3-py310_24.1.2-0-MacOSX-arm64.sh,99.4M,2024-02-27 12:46:51
Miniconda3-py310_24.1.2-0-MacOSX-arm64.pkg,98.6M,2024-02-27 12:46:51
Miniconda3-py310_24.1.2-0-Linux-x86_64.sh,128.7M,2024-02-27 12:46:51
Miniconda3-py310_24.1.2-0-Linux-s390x.sh,125.5M,2024-02-27 12:46:51
Miniconda3-py310_24.1.2-0-Linux-aarch64.sh,109.7M,2024-02-27 12:46:51
Miniconda3-py39_23.11.0-2-Windows-x86_64.exe,77.1M,2023-12-20 19:10:58
Miniconda3-py39_23.11.0-2-MacOSX-x86_64.sh,100.8M,2023-12-20 19:10:58
Miniconda3-py39_23.11.0-2-MacOSX-x86_64.pkg,100.2M,2023-12-20 19:10:58
Miniconda3-py39_23.11.0-2-MacOSX-arm64.sh,96.8M,2023-12-20 19:10:58
Miniconda3-py39_23.11.0-2-MacOSX-arm64.pkg,96.1M,2023-12-20 19:10:58
Miniconda3-py39_23.11.0-2-Linux-x86_64.sh,125.6M,2023-12-20 19:10:58
Miniconda3-py39_23.11.0-2-Linux-s390x.sh,122.3M,2023-12-20 19:10:58
Miniconda3-py39_23.11.0-2-Linux-aarch64.sh,120.4M,2023-12-20 19:10:58
Miniconda3-py38_23.11.0-2-Windows-x86_64.exe,78.1M,2023-12-20 19:10:58
Miniconda3-py38_23.11.0-2-MacOSX-x86_64.sh,102.5M,2023-12-20 19:10:58
Miniconda3-py38_23.11.0-2-MacOSX-x86_64.pkg,101.9M,2023-12-20 19:10:58
Miniconda3-py38_23.11.0-2-MacOSX-arm64.sh,99.2M,2023-12-20 19:10:58
Miniconda3-py38_23.11.0-2-MacOSX-arm64.pkg,98.6M,2023-12-20 19:10:58
Miniconda3-py38_23.11.0-2-Linux-x86_64.sh,125.7M,2023-12-20 19:10:58
Miniconda3-py38_23.11.0-2-Linux-s390x.sh,122.5M,2023-12-20 19:10:58
Miniconda3-py38_23.11.0-2-Linux-aarch64.sh,109.8M,2023-12-20 19:10:58
Miniconda3-py311_23.11.0-2-Windows-x86_64.exe,80.5M,2023-12-20 19:10:58
Miniconda3-py311_23.11.0-2-MacOSX-x86_64.sh,105.5M,2023-12-20 19:10:58
Miniconda3-py311_23.11.0-2-MacOSX-x86_64.pkg,104.9M,2023-12-20 19:10:58
Miniconda3-py311_23.11.0-2-MacOSX-arm64.sh,102.3M,2023-12-20 19:10:58
Miniconda3-py311_23.11.0-2-MacOSX-arm64.pkg,101.7M,2023-12-20 19:10:58
Miniconda3-py311_23.11.0-2-Linux-x86_64.sh,135.1M,2023-12-20 19:10:58
Miniconda3-py311_23.11.0-2-Linux-s390x.sh,131.4M,2023-12-20 19:10:58
Miniconda3-py311_23.11.0-2-Linux-aarch64.sh,113.1M,2023-12-20 19:10:58
Miniconda3-py310_23.11.0-2-Windows-x86_64.exe,76.6M,2023-12-20 19:10:58
Miniconda3-py310_23.11.0-2-MacOSX-x86_64.sh,101.5M,2023-12-20 19:10:58
Miniconda3-py310_23.11.0-2-MacOSX-x86_64.pkg,100.9M,2023-12-20 19:10:58
Miniconda3-py310_23.11.0-2-MacOSX-arm64.sh,98.3M,2023-12-20 19:10:58
Miniconda3-py310_23.11.0-2-MacOSX-arm64.pkg,97.7M,2023-12-20 19:10:58
Miniconda3-py310_23.11.0-2-Linux-x86_64.sh,128.1M,2023-12-20 19:10:58
Miniconda3-py310_23.11.0-2-Linux-s390x.sh,125.0M,2023-12-20 19:10:58
Miniconda3-py310_23.11.0-2-Linux-aarch64.sh,109.8M,2023-12-20 19:10:58
Miniconda3-py39_23.11.0-1-Windows-x86_64.exe,78.9M,2023-12-18 12:30:01
Miniconda3-py39_23.11.0-1-MacOSX-x86_64.sh,100.9M,2023-12-18 12:30:01
Miniconda3-py39_23.11.0-1-MacOSX-x86_64.pkg,100.3M,2023-12-18 12:30:01
Miniconda3-py39_23.11.0-1-MacOSX-arm64.sh,96.8M,2023-12-18 12:30:01
Miniconda3-py39_23.11.0-1-MacOSX-arm64.pkg,96.1M,2023-12-18 12:30:01
Miniconda3-py39_23.11.0-1-Linux-x86_64.sh,125.7M,2023-12-18 12:30:01
Miniconda3-py39_23.11.0-1-Linux-s390x.sh,122.3M,2023-12-18 12:30:01
Miniconda3-py39_23.11.0-1-Linux-aarch64.sh,120.4M,2023-12-18 12:30:01
Miniconda3-py38_23.11.0-1-Windows-x86_64.exe,79.9M,2023-12-18 12:30:01
Miniconda3-py38_23.11.0-1-MacOSX-x86_64.sh,102.5M,2023-12-18 12:30:01
Miniconda3-py38_23.11.0-1-MacOSX-x86_64.pkg,101.9M,2023-12-18 12:30:01
Miniconda3-py38_23.11.0-1-MacOSX-arm64.sh,99.3M,2023-12-18 12:30:01
Miniconda3-py38_23.11.0-1-MacOSX-arm64.pkg,98.6M,2023-12-18 12:30:01
Miniconda3-py38_23.11.0-1-Linux-x86_64.sh,125.8M,2023-12-18 12:30:01
Miniconda3-py38_23.11.0-1-Linux-s390x.sh,122.6M,2023-12-18 12:30:01
Miniconda3-py38_23.11.0-1-Linux-aarch64.sh,109.8M,2023-12-18 12:30:01
Miniconda3-py311_23.11.0-1-Windows-x86_64.exe,82.3M,2023-12-18 12:30:01
Miniconda3-py311_23.11.0-1-MacOSX-x86_64.sh,105.6M,2023-12-18 12:30:01
Miniconda3-py311_23.11.0-1-MacOSX-x86_64.pkg,105.0M,2023-12-18 12:30:01
Miniconda3-py311_23.11.0-1-MacOSX-arm64.sh,102.4M,2023-12-18 12:30:01
Miniconda3-py311_23.11.0-1-MacOSX-arm64.pkg,101.7M,2023-12-18 12:30:01
Miniconda3-py311_23.11.0-1-Linux-x86_64.sh,135.1M,2023-12-18 12:30:01
Miniconda3-py311_23.11.0-1-Linux-s390x.sh,131.5M,2023-12-18 12:30:01
Miniconda3-py311_23.11.0-1-Linux-aarch64.sh,113.1M,2023-12-18 12:30:01
Miniconda3-py310_23.11.0-1-Windows-x86_64.exe,78.4M,2023-12-18 12:30:01
Miniconda3-py310_23.11.0-1-MacOSX-x86_64.sh,101.5M,2023-12-18 12:30:01
Miniconda3-py310_23.11.0-1-MacOSX-x86_64.pkg,100.9M,2023-12-18 12:30:01
Miniconda3-py310_23.11.0-1-MacOSX-arm64.sh,98.3M,2023-12-18 12:30:01
Miniconda3-py310_23.11.0-1-MacOSX-arm64.pkg,97.7M,2023-12-18 12:30:01
Miniconda3-py310_23.11.0-1-Linux-x86_64.sh,128.2M,2023-12-18 12:30:01
Miniconda3-py310_23.11.0-1-Linux-s390x.sh,125.1M,2023-12-18 12:30:01
Miniconda3-py310_23.11.0-1-Linux-aarch64.sh,109.8M,2023-12-18 12:30:01
Miniconda3-py39_23.10.0-1-Windows-x86_64.exe,70.7M,2023-11-16 13:51:53
Miniconda3-py39_23.10.0-1-MacOSX-x86_64.sh,80.6M,2023-11-16 13:51:53
Miniconda3-py39_23.10.0-1-MacOSX-x86_64.pkg,80.2M,2023-11-16 13:51:53
Miniconda3-py39_23.10.0-1-MacOSX-arm64.sh,77.6M,2023-11-16 13:51:53
Miniconda3-py39_23.10.0-1-MacOSX-arm64.pkg,77.2M,2023-11-16 13:51:53
Miniconda3-py39_23.10.0-1-Linux-x86_64.sh,106.0M,2023-11-16 13:51:53
Miniconda3-py39_23.10.0-1-Linux-s390x.sh,101.7M,2023-11-16 13:51:53
Miniconda3-py39_23.10.0-1-Linux-ppc64le.sh,102.0M,2023-11-16 13:51:53
Miniconda3-py39_23.10.0-1-Linux-aarch64.sh,100.5M,2023-11-16 13:51:53
Miniconda3-py38_23.10.0-1-Windows-x86_64.exe,71.6M,2023-11-16 13:51:53
Miniconda3-py38_23.10.0-1-MacOSX-x86_64.sh,82.3M,2023-11-16 13:51:53
Miniconda3-py38_23.10.0-1-MacOSX-x86_64.pkg,81.9M,2023-11-16 13:51:53
Miniconda3-py38_23.10.0-1-MacOSX-arm64.sh,80.1M,2023-11-16 13:51:53
Miniconda3-py38_23.10.0-1-MacOSX-arm64.pkg,79.7M,2023-11-16 13:51:53
Miniconda3-py38_23.10.0-1-Linux-x86_64.sh,106.1M,2023-11-16 13:51:53
Miniconda3-py38_23.10.0-1-Linux-s390x.sh,101.9M,2023-11-16 13:51:53
Miniconda3-py38_23.10.0-1-Linux-ppc64le.sh,91.7M,2023-11-16 13:51:53
Miniconda3-py38_23.10.0-1-Linux-aarch64.sh,89.8M,2023-11-16 13:51:53
Miniconda3-py311_23.10.0-1-Windows-x86_64.exe,74.0M,2023-11-16 13:51:53
Miniconda3-py311_23.10.0-1-MacOSX-x86_64.sh,85.3M,2023-11-16 13:51:53
Miniconda3-py311_23.10.0-1-MacOSX-x86_64.pkg,84.9M,2023-11-16 13:51:52
Miniconda3-py311_23.10.0-1-MacOSX-arm64.sh,83.2M,2023-11-16 13:51:52
Miniconda3-py311_23.10.0-1-MacOSX-arm64.pkg,82.7M,2023-11-16 13:51:52
Miniconda3-py311_23.10.0-1-Linux-x86_64.sh,115.4M,2023-11-16 13:51:52
Miniconda3-py311_23.10.0-1-Linux-s390x.sh,110.7M,2023-11-16 13:51:52
Miniconda3-py311_23.10.0-1-Linux-ppc64le.sh,94.9M,2023-11-16 13:51:52
Miniconda3-py311_23.10.0-1-Linux-aarch64.sh,93.1M,2023-11-16 13:51:52
Miniconda3-py310_23.10.0-1-Windows-x86_64.exe,70.1M,2023-11-16 13:51:52
Miniconda3-py310_23.10.0-1-MacOSX-x86_64.sh,81.3M,2023-11-16 13:51:52
Miniconda3-py310_23.10.0-1-MacOSX-x86_64.pkg,80.9M,2023-11-16 13:51:52
Miniconda3-py310_23.10.0-1-MacOSX-arm64.sh,79.2M,2023-11-16 13:51:52
Miniconda3-py310_23.10.0-1-MacOSX-arm64.pkg,78.8M,2023-11-16 13:51:52
Miniconda3-py310_23.10.0-1-Linux-x86_64.sh,108.5M,2023-11-16 13:51:52
Miniconda3-py310_23.10.0-1-Linux-s390x.sh,104.4M,2023-11-16 13:51:52
Miniconda3-py310_23.10.0-1-Linux-ppc64le.sh,91.8M,2023-11-16 13:51:52
Miniconda3-py310_23.10.0-1-Linux-aarch64.sh,89.8M,2023-11-16 13:51:52
Miniconda3-py39_23.9.0-0-Windows-x86_64.exe,70.4M,2023-10-19 10:33:43
Miniconda3-py39_23.9.0-0-MacOSX-x86_64.sh,80.4M,2023-10-19 10:33:43
Miniconda3-py39_23.9.0-0-MacOSX-x86_64.pkg,80.0M,2023-10-19 10:33:43
Miniconda3-py39_23.9.0-0-MacOSX-arm64.sh,78.1M,2023-10-19 10:33:43
Miniconda3-py39_23.9.0-0-MacOSX-arm64.pkg,77.7M,2023-10-19 10:33:43
Miniconda3-py39_23.9.0-0-Linux-x86_64.sh,105.8M,2023-10-19 10:33:43
Miniconda3-py39_23.9.0-0-Linux-s390x.sh,101.5M,2023-10-19 10:33:43
Miniconda3-py39_23.9.0-0-Linux-ppc64le.sh,101.9M,2023-10-19 10:33:43
Miniconda3-py39_23.9.0-0-Linux-aarch64.sh,100.3M,2023-10-19 10:33:43
Miniconda3-py38_23.9.0-0-Windows-x86_64.exe,71.5M,2023-10-19 10:33:43
Miniconda3-py38_23.9.0-0-MacOSX-x86_64.sh,82.1M,2023-10-19 10:33:43
Miniconda3-py38_23.9.0-0-MacOSX-x86_64.pkg,81.7M,2023-10-19 10:33:43
Miniconda3-py38_23.9.0-0-MacOSX-arm64.sh,80.6M,2023-10-19 10:33:43
Miniconda3-py38_23.9.0-0-MacOSX-arm64.pkg,80.1M,2023-10-19 10:33:43
Miniconda3-py38_23.9.0-0-Linux-x86_64.sh,105.9M,2023-10-19 10:33:43
Miniconda3-py38_23.9.0-0-Linux-s390x.sh,101.7M,2023-10-19 10:33:43
Miniconda3-py38_23.9.0-0-Linux-ppc64le.sh,91.6M,2023-10-19 10:33:42
Miniconda3-py38_23.9.0-0-Linux-aarch64.sh,89.7M,2023-10-19 10:33:42
Miniconda3-py311_23.9.0-0-Windows-x86_64.exe,73.9M,2023-10-19 10:33:42
Miniconda3-py311_23.9.0-0-MacOSX-x86_64.sh,85.1M,2023-10-19 10:33:42
Miniconda3-py311_23.9.0-0-MacOSX-x86_64.pkg,84.7M,2023-10-19 10:33:42
Miniconda3-py311_23.9.0-0-MacOSX-arm64.sh,83.6M,2023-10-19 10:33:42
Miniconda3-py311_23.9.0-0-MacOSX-arm64.pkg,83.2M,2023-10-19 10:33:42
Miniconda3-py311_23.9.0-0-Linux-x86_64.sh,115.2M,2023-10-19 10:33:42
Miniconda3-py311_23.9.0-0-Linux-s390x.sh,110.6M,2023-10-19 10:33:42
Miniconda3-py311_23.9.0-0-Linux-ppc64le.sh,94.8M,2023-10-19 10:33:42
Miniconda3-py311_23.9.0-0-Linux-aarch64.sh,92.9M,2023-10-19 10:33:42
Miniconda3-py310_23.9.0-0-Windows-x86_64.exe,70.1M,2023-10-19 10:33:42
Miniconda3-py310_23.9.0-0-MacOSX-x86_64.sh,81.0M,2023-10-19 10:33:42
Miniconda3-py310_23.9.0-0-MacOSX-x86_64.pkg,80.7M,2023-10-19 10:33:42
Miniconda3-py310_23.9.0-0-MacOSX-arm64.sh,79.7M,2023-10-19 10:33:42
Miniconda3-py310_23.9.0-0-MacOSX-arm64.pkg,79.2M,2023-10-19 10:33:42
Miniconda3-py310_23.9.0-0-Linux-x86_64.sh,108.1M,2023-10-19 10:33:42
Miniconda3-py310_23.9.0-0-Linux-s390x.sh,104.0M,2023-10-19 10:33:42
Miniconda3-py310_23.9.0-0-Linux-ppc64le.sh,91.5M,2023-10-19 10:33:41
Miniconda3-py310_23.9.0-0-Linux-aarch64.sh,89.6M,2023-10-19 10:33:41
Miniconda3-py39_23.5.2-0-Windows-x86_64.exe,70.0M,2023-07-13 13:55:52
Miniconda3-py39_23.5.2-0-MacOSX-x86_64.sh,65.0M,2023-07-13 13:55:52
Miniconda3-py39_23.5.2-0-MacOSX-x86_64.pkg,64.6M,2023-07-13 13:55:52
Miniconda3-py39_23.5.2-0-MacOSX-arm64.sh,64.1M,2023-07-13 13:55:52
Miniconda3-py39_23.5.2-0-MacOSX-arm64.pkg,63.7M,2023-07-13 13:55:52
Miniconda3-py39_23.5.2-0-Linux-x86_64.sh,89.1M,2023-07-13 13:55:52
Miniconda3-py39_23.5.2-0-Linux-s390x.sh,85.5M,2023-07-13 13:55:52
Miniconda3-py39_23.5.2-0-Linux-ppc64le.sh,84.5M,2023-07-13 13:55:52
Miniconda3-py39_23.5.2-0-Linux-aarch64.sh,83.9M,2023-07-13 13:55:52
Miniconda3-py38_23.5.2-0-Windows-x86_64.exe,71.0M,2023-07-13 13:55:52
Miniconda3-py38_23.5.2-0-MacOSX-x86_64.sh,66.5M,2023-07-13 13:55:52
Miniconda3-py38_23.5.2-0-MacOSX-x86_64.pkg,66.2M,2023-07-13 13:55:52
Miniconda3-py38_23.5.2-0-MacOSX-arm64.sh,65.7M,2023-07-13 13:55:52
Miniconda3-py38_23.5.2-0-MacOSX-arm64.pkg,65.3M,2023-07-13 13:55:52
Miniconda3-py38_23.5.2-0-Linux-x86_64.sh,89.3M,2023-07-13 13:55:52
Miniconda3-py38_23.5.2-0-Linux-s390x.sh,85.8M,2023-07-13 13:55:52
Miniconda3-py38_23.5.2-0-Linux-ppc64le.sh,74.1M,2023-07-13 13:55:52
Miniconda3-py38_23.5.2-0-Linux-aarch64.sh,72.7M,2023-07-13 13:55:52
Miniconda3-py311_23.5.2-0-Windows-x86_64.exe,73.2M,2023-07-13 13:55:52
Miniconda3-py311_23.5.2-0-MacOSX-x86_64.sh,69.6M,2023-07-13 13:55:52
Miniconda3-py311_23.5.2-0-MacOSX-x86_64.pkg,69.2M,2023-07-13 13:55:51
Miniconda3-py311_23.5.2-0-MacOSX-arm64.sh,68.6M,2023-07-13 13:55:51
Miniconda3-py311_23.5.2-0-MacOSX-arm64.pkg,68.1M,2023-07-13 13:55:51
Miniconda3-py311_23.5.2-0-Linux-x86_64.sh,98.4M,2023-07-13 13:55:51
Miniconda3-py311_23.5.2-0-Linux-s390x.sh,94.5M,2023-07-13 13:55:51
Miniconda3-py311_23.5.2-0-Linux-ppc64le.sh,77.3M,2023-07-13 13:55:51
Miniconda3-py311_23.5.2-0-Linux-aarch64.sh,76.4M,2023-07-13 13:55:51
Miniconda3-py310_23.5.2-0-Windows-x86_64.exe,69.5M,2023-07-13 13:55:51
Miniconda3-py310_23.5.2-0-MacOSX-x86_64.sh,65.6M,2023-07-13 13:55:51
Miniconda3-py310_23.5.2-0-MacOSX-x86_64.pkg,65.2M,2023-07-13 13:55:51
Miniconda3-py310_23.5.2-0-MacOSX-arm64.sh,64.6M,2023-07-13 13:55:51
Miniconda3-py310_23.5.2-0-MacOSX-arm64.pkg,64.2M,2023-07-13 13:55:51
Miniconda3-py310_23.5.2-0-Linux-x86_64.sh,91.4M,2023-07-13 13:55:51
Miniconda3-py310_23.5.2-0-Linux-s390x.sh,88.0M,2023-07-13 13:55:51
Miniconda3-py310_23.5.2-0-Linux-ppc64le.sh,74.1M,2023-07-13 13:55:51
Miniconda3-py310_23.5.2-0-Linux-aarch64.sh,72.9M,2023-07-13 13:55:51
Miniconda3-py311_23.5.1-0-Linux-ppc64le.sh,77.4M,2023-07-12 21:10:15
Miniconda3-py311_23.5.1-0-Linux-s390x.sh,94.5M,2023-07-12 21:10:12
Miniconda3-py311_23.5.1-0-Linux-aarch64.sh,76.4M,2023-07-12 21:10:09
Miniconda3-py311_23.5.1-0-Linux-x86_64.sh,98.4M,2023-07-12 21:10:06
Miniconda3-py311_23.5.1-0-Windows-x86_64.exe,73.2M,2023-07-12 21:10:00
Miniconda3-py311_23.5.1-0-MacOSX-x86_64.sh,69.6M,2023-07-12 21:09:53
Miniconda3-py311_23.5.1-0-MacOSX-x86_64.pkg,69.2M,2023-07-12 21:09:53
Miniconda3-py311_23.5.1-0-MacOSX-arm64.sh,68.6M,2023-07-12 21:09:44
Miniconda3-py311_23.5.1-0-MacOSX-arm64.pkg,68.1M,2023-07-12 21:09:44
Miniconda3-py39_23.5.1-0-Windows-x86_64.exe,70.1M,2023-07-12 21:09:21
Miniconda3-py39_23.5.1-0-MacOSX-x86_64.sh,65.0M,2023-07-12 21:09:21
Miniconda3-py39_23.5.1-0-MacOSX-x86_64.pkg,64.6M,2023-07-12 21:09:21
Miniconda3-py39_23.5.1-0-MacOSX-arm64.sh,64.1M,2023-07-12 21:09:21
Miniconda3-py39_23.5.1-0-MacOSX-arm64.pkg,63.7M,2023-07-12 21:09:21
Miniconda3-py39_23.5.1-0-Linux-x86_64.sh,89.1M,2023-07-12 21:09:21
Miniconda3-py39_23.5.1-0-Linux-s390x.sh,85.5M,2023-07-12 21:09:21
Miniconda3-py39_23.5.1-0-Linux-ppc64le.sh,84.5M,2023-07-12 21:09:21
Miniconda3-py39_23.5.1-0-Linux-aarch64.sh,83.9M,2023-07-12 21:09:21
Miniconda3-py38_23.5.1-0-Windows-x86_64.exe,71.0M,2023-07-12 21:09:21
Miniconda3-py38_23.5.1-0-MacOSX-x86_64.sh,66.5M,2023-07-12 21:09:21
Miniconda3-py38_23.5.1-0-MacOSX-x86_64.pkg,66.2M,2023-07-12 21:09:21
Miniconda3-py38_23.5.1-0-MacOSX-arm64.sh,65.7M,2023-07-12 21:09:21
Miniconda3-py38_23.5.1-0-MacOSX-arm64.pkg,65.3M,2023-07-12 21:09:21
Miniconda3-py38_23.5.1-0-Linux-x86_64.sh,89.3M,2023-07-12 21:09:21
Miniconda3-py38_23.5.1-0-Linux-s390x.sh,85.8M,2023-07-12 21:09:21
Miniconda3-py38_23.5.1-0-Linux-ppc64le.sh,74.1M,2023-07-12 21:09:21
Miniconda3-py38_23.5.1-0-Linux-aarch64.sh,72.7M,2023-07-12 21:09:21
Miniconda3-py310_23.5.1-0-Windows-x86_64.exe,69.5M,2023-07-12 21:09:21
Miniconda3-py310_23.5.1-0-MacOSX-x86_64.sh,65.6M,2023-07-12 21:09:21
Miniconda3-py310_23.5.1-0-MacOSX-x86_64.pkg,65.3M,2023-07-12 21:09:21
Miniconda3-py310_23.5.1-0-MacOSX-arm64.sh,64.6M,2023-07-12 21:09:21
Miniconda3-py310_23.5.1-0-MacOSX-arm64.pkg,64.2M,2023-07-12 21:09:21
Miniconda3-py310_23.5.1-0-Linux-x86_64.sh,91.4M,2023-07-12 21:09:21
Miniconda3-py310_23.5.1-0-Linux-s390x.sh,88.0M,2023-07-12 21:09:21
Miniconda3-py310_23.5.1-0-Linux-ppc64le.sh,74.1M,2023-07-12 21:09:21
Miniconda3-py310_23.5.1-0-Linux-aarch64.sh,72.9M,2023-07-12 21:09:21
Miniconda3-uninstaller-patch-win-64-2023.07-0.exe,707K,2023-07-11 15:07:06
Miniconda3-py39_23.5.0-3-Windows-x86_64.exe,70.0M,2023-07-11 15:07:06
Miniconda3-py39_23.5.0-3-MacOSX-x86_64.sh,65.0M,2023-07-11 15:07:06
Miniconda3-py39_23.5.0-3-MacOSX-x86_64.pkg,64.6M,2023-07-11 15:07:06
Miniconda3-py39_23.5.0-3-MacOSX-arm64.sh,64.1M,2023-07-11 15:07:06
Miniconda3-py39_23.5.0-3-MacOSX-arm64.pkg,63.7M,2023-07-11 15:07:06
Miniconda3-py39_23.5.0-3-Linux-x86_64.sh,89.1M,2023-07-11 15:07:06
Miniconda3-py39_23.5.0-3-Linux-s390x.sh,85.5M,2023-07-11 15:07:06
Miniconda3-py39_23.5.0-3-Linux-ppc64le.sh,84.5M,2023-07-11 15:07:06
Miniconda3-py39_23.5.0-3-Linux-aarch64.sh,83.9M,2023-07-11 15:07:05
Miniconda3-py38_23.5.0-3-Windows-x86_64.exe,71.0M,2023-07-11 15:07:05
Miniconda3-py38_23.5.0-3-MacOSX-x86_64.sh,66.5M,2023-07-11 15:07:05
Miniconda3-py38_23.5.0-3-MacOSX-x86_64.pkg,66.2M,2023-07-11 15:07:05
Miniconda3-py38_23.5.0-3-MacOSX-arm64.sh,65.7M,2023-07-11 15:07:05
Miniconda3-py38_23.5.0-3-MacOSX-arm64.pkg,65.3M,2023-07-11 15:07:05
Miniconda3-py38_23.5.0-3-Linux-x86_64.sh,89.3M,2023-07-11 15:07:05
Miniconda3-py38_23.5.0-3-Linux-s390x.sh,85.8M,2023-07-11 15:07:05
Miniconda3-py38_23.5.0-3-Linux-ppc64le.sh,74.1M,2023-07-11 15:07:05
Miniconda3-py38_23.5.0-3-Linux-aarch64.sh,72.7M,2023-07-11 15:07:05
Miniconda3-py311_23.5.0-3-Windows-x86_64.exe,73.2M,2023-07-11 15:07:05
Miniconda3-py311_23.5.0-3-MacOSX-x86_64.sh,69.6M,2023-07-11 15:07:05
Miniconda3-py311_23.5.0-3-MacOSX-x86_64.pkg,69.2M,2023-07-11 15:07:05
Miniconda3-py311_23.5.0-3-MacOSX-arm64.sh,68.6M,2023-07-11 15:07:05
Miniconda3-py311_23.5.0-3-MacOSX-arm64.pkg,68.2M,2023-07-11 15:07:05
Miniconda3-py311_23.5.0-3-Linux-x86_64.sh,98.4M,2023-07-11 15:07:05
Miniconda3-py311_23.5.0-3-Linux-s390x.sh,94.5M,2023-07-11 15:07:05
Miniconda3-py311_23.5.0-3-Linux-ppc64le.sh,77.4M,2023-07-11 15:07:05
Miniconda3-py311_23.5.0-3-Linux-aarch64.sh,76.4M,2023-07-11 15:07:05
Miniconda3-py310_23.5.0-3-Windows-x86_64.exe,69.5M,2023-07-11 15:07:05
Miniconda3-py310_23.5.0-3-MacOSX-x86_64.sh,65.6M,2023-07-11 15:07:05
Miniconda3-py310_23.5.0-3-MacOSX-x86_64.pkg,65.3M,2023-07-11 15:07:05
Miniconda3-py310_23.5.0-3-MacOSX-arm64.sh,64.6M,2023-07-11 15:07:05
Miniconda3-py310_23.5.0-3-MacOSX-arm64.pkg,64.2M,2023-07-11 15:07:04
Miniconda3-py310_23.5.0-3-Linux-x86_64.sh,91.4M,2023-07-11 15:07:04
Miniconda3-py310_23.5.0-3-Linux-s390x.sh,88.0M,2023-07-11 15:07:04
Miniconda3-py310_23.5.0-3-Linux-ppc64le.sh,74.1M,2023-07-11 15:07:04
Miniconda3-py310_23.5.0-3-Linux-aarch64.sh,72.9M,2023-07-11 15:07:04
Miniconda3-py39_23.3.1-0-Windows-x86_64.exe,53.7M,2023-04-24 09:16:50
Miniconda3-py39_23.3.1-0-MacOSX-x86_64.sh,44.4M,2023-04-24 09:16:50
Miniconda3-py39_23.3.1-0-MacOSX-x86_64.pkg,44.1M,2023-04-24 09:16:50
Miniconda3-py39_23.3.1-0-MacOSX-arm64.sh,43.0M,2023-04-24 09:16:50
Miniconda3-py39_23.3.1-0-MacOSX-arm64.pkg,42.7M,2023-04-24 09:16:50
Miniconda3-py39_23.3.1-0-Linux-x86_64.sh,67.3M,2023-04-24 09:16:50
Miniconda3-py39_23.3.1-0-Linux-s390x.sh,63.3M,2023-04-24 09:16:50
Miniconda3-py39_23.3.1-0-Linux-ppc64le.sh,61.2M,2023-04-24 09:16:50
Miniconda3-py39_23.3.1-0-Linux-aarch64.sh,61.0M,2023-04-24 09:16:50
Miniconda3-py38_23.3.1-0-Windows-x86_64.exe,53.1M,2023-04-24 09:16:50
Miniconda3-py38_23.3.1-0-MacOSX-x86_64.sh,44.2M,2023-04-24 09:16:50
Miniconda3-py38_23.3.1-0-MacOSX-x86_64.pkg,43.9M,2023-04-24 09:16:50
Miniconda3-py38_23.3.1-0-MacOSX-arm64.sh,42.9M,2023-04-24 09:16:50
Miniconda3-py38_23.3.1-0-MacOSX-arm64.pkg,42.6M,2023-04-24 09:16:50
Miniconda3-py38_23.3.1-0-Linux-x86_64.sh,65.8M,2023-04-24 09:16:49
Miniconda3-py38_23.3.1-0-Linux-s390x.sh,62.0M,2023-04-24 09:16:49
Miniconda3-py38_23.3.1-0-Linux-ppc64le.sh,49.3M,2023-04-24 09:16:49
Miniconda3-py38_23.3.1-0-Linux-aarch64.sh,48.8M,2023-04-24 09:16:49
Miniconda3-py310_23.3.1-0-Windows-x86_64.exe,53.9M,2023-04-24 09:16:49
Miniconda3-py310_23.3.1-0-MacOSX-x86_64.sh,44.1M,2023-04-24 09:16:49
Miniconda3-py310_23.3.1-0-MacOSX-x86_64.pkg,43.8M,2023-04-24 09:16:49
Miniconda3-py310_23.3.1-0-MacOSX-arm64.sh,42.6M,2023-04-24 09:16:49
Miniconda3-py310_23.3.1-0-MacOSX-arm64.pkg,42.3M,2023-04-24 09:16:49
Miniconda3-py310_23.3.1-0-Linux-x86_64.sh,69.7M,2023-04-24 09:16:49
Miniconda3-py310_23.3.1-0-Linux-s390x.sh,66.0M,2023-04-24 09:16:49
Miniconda3-py310_23.3.1-0-Linux-ppc64le.sh,50.8M,2023-04-24 09:16:49
Miniconda3-py310_23.3.1-0-Linux-aarch64.sh,50.3M,2023-04-24 09:16:49
Miniconda3-py39_23.1.0-1-Windows-x86_64.exe,52.9M,2023-02-07 21:27:23
Miniconda3-py39_23.1.0-1-MacOSX-x86_64.sh,43.3M,2023-02-07 21:27:23
Miniconda3-py39_23.1.0-1-MacOSX-x86_64.pkg,43.1M,2023-02-07 21:27:23
Miniconda3-py39_23.1.0-1-MacOSX-arm64.sh,43.0M,2023-02-07 21:27:23
Miniconda3-py39_23.1.0-1-MacOSX-arm64.pkg,42.7M,2023-02-07 21:27:23
Miniconda3-py39_23.1.0-1-Linux-x86_64.sh,66.7M,2023-02-07 21:27:23
Miniconda3-py39_23.1.0-1-Linux-s390x.sh,62.8M,2023-02-07 21:27:23
Miniconda3-py39_23.1.0-1-Linux-ppc64le.sh,60.6M,2023-02-07 21:27:23
Miniconda3-py39_23.1.0-1-Linux-aarch64.sh,60.5M,2023-02-07 21:27:23
Miniconda3-py38_23.1.0-1-Windows-x86_64.exe,52.4M,2023-02-07 21:27:23
Miniconda3-py38_23.1.0-1-MacOSX-x86_64.sh,43.3M,2023-02-07 21:27:23
Miniconda3-py38_23.1.0-1-MacOSX-x86_64.pkg,43.1M,2023-02-07 21:27:23
Miniconda3-py38_23.1.0-1-MacOSX-arm64.sh,42.9M,2023-02-07 21:27:23
Miniconda3-py38_23.1.0-1-MacOSX-arm64.pkg,42.6M,2023-02-07 21:27:23
Miniconda3-py38_23.1.0-1-Linux-x86_64.sh,65.4M,2023-02-07 21:27:23
Miniconda3-py38_23.1.0-1-Linux-s390x.sh,61.5M,2023-02-07 21:27:23
Miniconda3-py38_23.1.0-1-Linux-ppc64le.sh,48.5M,2023-02-07 21:27:23
Miniconda3-py38_23.1.0-1-Linux-aarch64.sh,48.2M,2023-02-07 21:27:23
Miniconda3-py37_23.1.0-1-Windows-x86_64.exe,50.6M,2023-02-07 21:27:23
Miniconda3-py37_23.1.0-1-MacOSX-x86_64.sh,53.3M,2023-02-07 21:27:23
Miniconda3-py37_23.1.0-1-MacOSX-x86_64.pkg,53.0M,2023-02-07 21:27:23
Miniconda3-py37_23.1.0-1-Linux-x86_64.sh,86.5M,2023-02-07 21:27:23
Miniconda3-py37_23.1.0-1-Linux-s390x.sh,82.8M,2023-02-07 21:27:22
Miniconda3-py37_23.1.0-1-Linux-ppc64le.sh,81.2M,2023-02-07 21:27:22
Miniconda3-py37_23.1.0-1-Linux-aarch64.sh,80.7M,2023-02-07 21:27:22
Miniconda3-py310_23.1.0-1-Windows-x86_64.exe,53.2M,2023-02-07 21:27:22
Miniconda3-py310_23.1.0-1-MacOSX-x86_64.sh,43.0M,2023-02-07 21:27:22
Miniconda3-py310_23.1.0-1-MacOSX-x86_64.pkg,42.8M,2023-02-07 21:27:22
Miniconda3-py310_23.1.0-1-MacOSX-arm64.sh,41.7M,2023-02-07 21:27:22
Miniconda3-py310_23.1.0-1-MacOSX-arm64.pkg,41.4M,2023-02-07 21:27:22
Miniconda3-py310_23.1.0-1-Linux-x86_64.sh,71.0M,2023-02-07 21:27:22
Miniconda3-py310_23.1.0-1-Linux-s390x.sh,67.6M,2023-02-07 21:27:22
Miniconda3-py310_23.1.0-1-Linux-ppc64le.sh,52.4M,2023-02-07 21:27:22
Miniconda3-py310_23.1.0-1-Linux-aarch64.sh,51.6M,2023-02-07 21:27:22
Miniconda3-py39_22.11.1-1-Windows-x86_64.exe,53.0M,2022-12-22 16:35:33
Miniconda3-py39_22.11.1-1-MacOSX-x86_64.sh,44.7M,2022-12-22 16:35:27
Miniconda3-py39_22.11.1-1-MacOSX-x86_64.pkg,44.5M,2022-12-22 16:35:22
Miniconda3-py39_22.11.1-1-MacOSX-arm64.sh,43.6M,2022-12-22 16:35:17
Miniconda3-py39_22.11.1-1-MacOSX-arm64.pkg,43.3M,2022-12-22 16:35:13
Miniconda3-py39_22.11.1-1-Linux-x86_64.sh,66.7M,2022-12-22 16:35:08
Miniconda3-py39_22.11.1-1-Linux-s390x.sh,58.8M,2022-12-22 16:35:01
Miniconda3-py39_22.11.1-1-Linux-ppc64le.sh,60.4M,2022-12-22 16:34:54
Miniconda3-py39_22.11.1-1-Linux-aarch64.sh,60.3M,2022-12-22 16:34:47
Miniconda3-py38_22.11.1-1-Windows-x86_64.exe,52.5M,2022-12-22 16:34:41
Miniconda3-py38_22.11.1-1-MacOSX-x86_64.sh,44.6M,2022-12-22 16:34:35
Miniconda3-py38_22.11.1-1-MacOSX-x86_64.pkg,44.4M,2022-12-22 16:34:30
Miniconda3-py38_22.11.1-1-MacOSX-arm64.sh,43.2M,2022-12-22 16:34:26
Miniconda3-py38_22.11.1-1-MacOSX-arm64.pkg,42.9M,2022-12-22 16:34:21
Miniconda3-py38_22.11.1-1-Linux-x86_64.sh,61.6M,2022-12-22 16:34:17
Miniconda3-py38_22.11.1-1-Linux-s390x.sh,57.9M,2022-12-22 16:34:10
Miniconda3-py38_22.11.1-1-Linux-ppc64le.sh,48.5M,2022-12-22 16:34:02
Miniconda3-py38_22.11.1-1-Linux-aarch64.sh,48.1M,2022-12-22 16:33:57
Miniconda3-py37_22.11.1-1-Windows-x86_64.exe,50.7M,2022-12-22 16:33:52
Miniconda3-py37_22.11.1-1-MacOSX-x86_64.sh,54.8M,2022-12-22 16:33:46
Miniconda3-py37_22.11.1-1-MacOSX-x86_64.pkg,54.5M,2022-12-22 16:33:39
Miniconda3-py37_22.11.1-1-Linux-x86_64.sh,82.3M,2022-12-22 16:33:34
Miniconda3-py37_22.11.1-1-Linux-s390x.sh,78.7M,2022-12-22 16:33:26
Miniconda3-py37_22.11.1-1-Linux-ppc64le.sh,81.1M,2022-12-22 16:33:18
Miniconda3-py37_22.11.1-1-Linux-aarch64.sh,80.5M,2022-12-22 16:33:10
Miniconda3-py310_22.11.1-1-Windows-x86_64.exe,52.9M,2022-12-22 16:33:02
Miniconda3-py310_22.11.1-1-MacOSX-x86_64.sh,44.4M,2022-12-22 16:32:56
Miniconda3-py310_22.11.1-1-MacOSX-x86_64.pkg,44.2M,2022-12-22 16:32:51
Miniconda3-py310_22.11.1-1-MacOSX-arm64.sh,43.3M,2022-12-22 16:32:45
Miniconda3-py310_22.11.1-1-MacOSX-arm64.pkg,43.0M,2022-12-22 16:32:40
Miniconda3-py310_22.11.1-1-Linux-x86_64.sh,69.0M,2022-12-22 16:32:36
Miniconda3-py310_22.11.1-1-Linux-s390x.sh,61.2M,2022-12-22 16:32:28
Miniconda3-py310_22.11.1-1-Linux-ppc64le.sh,50.0M,2022-12-22 16:32:20
Miniconda3-py310_22.11.1-1-Linux-aarch64.sh,49.6M,2022-12-22 16:32:14
Miniconda3-py38_4.12.0-MacOSX-arm64.pkg,63.8M,2022-06-01 14:45:20
Miniconda3-py39_4.12.0-MacOSX-arm64.sh,52.2M,2022-06-01 14:45:20
Miniconda3-py38_4.12.0-MacOSX-arm64.sh,52.5M,2022-06-01 14:45:20
Miniconda3-py39_4.12.0-MacOSX-arm64.pkg,63.5M,2022-06-01 14:45:20
Miniconda3-py38_4.12.0-Linux-x86_64.sh,72.6M,2022-05-16 14:57:26
Miniconda3-py37_4.12.0-Linux-aarch64.sh,101.7M,2022-05-16 14:57:26
Miniconda3-py38_4.12.0-MacOSX-x86_64.pkg,63.1M,2022-05-16 14:57:26
Miniconda3-py38_4.12.0-Linux-s390x.sh,68.7M,2022-05-16 14:57:26
Miniconda3-py38_4.12.0-MacOSX-x86_64.sh,56.4M,2022-05-16 14:57:26
Miniconda3-py37_4.12.0-Linux-ppc64le.sh,101.4M,2022-05-16 14:57:25
Miniconda3-py39_4.12.0-Windows-x86.exe,67.8M,2022-05-16 14:57:25
Miniconda3-py39_4.12.0-MacOSX-x86_64.sh,56.0M,2022-05-16 14:57:25
Miniconda3-py39_4.12.0-Linux-s390x.sh,69.2M,2022-05-16 14:57:25
Miniconda3-py39_4.12.0-Windows-x86_64.exe,71.2M,2022-05-16 14:57:25
Miniconda3-py38_4.12.0-Linux-ppc64le.sh,65.9M,2022-05-16 14:57:25
Miniconda3-py38_4.12.0-Windows-x86_64.exe,70.6M,2022-05-16 14:57:25
Miniconda3-py39_4.12.0-Linux-aarch64.sh,75.3M,2022-05-16 14:57:25
Miniconda3-py37_4.12.0-Linux-x86_64.sh,100.1M,2022-05-16 14:57:25
Miniconda3-py39_4.12.0-Linux-x86_64.sh,73.1M,2022-05-16 14:57:25
Miniconda3-py37_4.12.0-Windows-x86.exe,65.5M,2022-05-16 14:57:25
Miniconda3-py37_4.12.0-MacOSX-x86_64.pkg,72.7M,2022-05-16 14:57:25
Miniconda3-py37_4.12.0-MacOSX-x86_64.sh,66.0M,2022-05-16 14:57:24
Miniconda3-py39_4.12.0-MacOSX-x86_64.pkg,62.7M,2022-05-16 14:57:24
Miniconda3-py37_4.12.0-Linux-s390x.sh,95.9M,2022-05-16 14:57:24
Miniconda3-py39_4.12.0-Linux-ppc64le.sh,74.3M,2022-05-16 14:57:24
Miniconda3-py38_4.12.0-Linux-aarch64.sh,64.4M,2022-05-16 14:57:24
Miniconda3-py38_4.12.0-Windows-x86.exe,66.8M,2022-05-16 14:57:24
Miniconda3-py37_4.12.0-Windows-x86_64.exe,69.0M,2022-05-16 14:57:24
Miniconda3-py39_4.11.0-MacOSX-arm64.sh,55.2M,2022-04-20 12:34:16
Miniconda3-py39_4.11.0-MacOSX-arm64.pkg,63.2M,2022-04-20 12:34:16
Miniconda3-py38_4.11.0-MacOSX-arm64.sh,55.6M,2022-04-20 12:34:16
Miniconda3-py38_4.11.0-MacOSX-arm64.pkg,63.5M,2022-04-20 12:34:16
Miniconda3-py39_4.11.0-Linux-s390x.sh,68.2M,2022-04-20 12:34:08
Miniconda3-py37_4.11.0-Linux-s390x.sh,95.2M,2022-04-20 12:34:08
Miniconda3-py38_4.11.0-Linux-s390x.sh,67.8M,2022-04-20 12:34:08
Miniconda3-py39_4.11.0-Linux-x86_64.sh,72.2M,2022-02-15 12:57:08
Miniconda3-py39_4.11.0-Linux-aarch64.sh,74.4M,2022-02-15 12:57:08
Miniconda3-py38_4.11.0-Linux-aarch64.sh,63.6M,2022-02-15 12:57:08
Miniconda3-py39_4.11.0-MacOSX-x86_64.sh,55.2M,2022-02-15 12:57:08
Miniconda3-py37_4.11.0-MacOSX-x86_64.sh,63.5M,2022-02-15 12:57:08
Miniconda3-py38_4.11.0-Linux-ppc64le.sh,65.2M,2022-02-15 12:57:08
Miniconda3-py37_4.11.0-Linux-x86_64.sh,98.9M,2022-02-15 12:57:08
Miniconda3-py39_4.11.0-Windows-x86_64.exe,70.4M,2022-02-15 12:57:08
Miniconda3-py38_4.11.0-Linux-x86_64.sh,71.7M,2022-02-15 12:57:08
Miniconda3-py38_4.11.0-MacOSX-x86_64.pkg,62.4M,2022-02-15 12:57:07
Miniconda3-py38_4.11.0-MacOSX-x86_64.sh,55.7M,2022-02-15 12:57:07
Miniconda3-py37_4.11.0-Linux-ppc64le.sh,101.0M,2022-02-15 12:57:07
Miniconda3-py37_4.11.0-MacOSX-x86_64.pkg,70.2M,2022-02-15 12:57:07
Miniconda3-py37_4.11.0-Linux-aarch64.sh,100.9M,2022-02-15 12:57:07
Miniconda3-py39_4.11.0-Windows-x86.exe,66.5M,2022-02-15 12:57:07
Miniconda3-py38_4.11.0-Windows-x86.exe,65.6M,2022-02-15 12:57:07
Miniconda3-py39_4.11.0-Linux-ppc64le.sh,73.5M,2022-02-15 12:57:07
Miniconda3-py37_4.11.0-Windows-x86.exe,64.2M,2022-02-15 12:57:07
Miniconda3-py39_4.11.0-MacOSX-x86_64.pkg,61.9M,2022-02-15 12:57:07
Miniconda3-py38_4.11.0-Windows-x86_64.exe,69.8M,2022-02-15 12:57:07
Miniconda3-py37_4.11.0-Windows-x86_64.exe,68.1M,2022-02-15 12:57:07
Miniconda3-py38_4.10.1-MacOSX-arm64.sh,44.9M,2021-11-08 08:57:47
Miniconda3-py39_4.10.3-Linux-x86_64.sh,63.6M,2021-07-21 11:05:08
Miniconda3-py37_4.10.3-MacOSX-x86_64.sh,50.6M,2021-07-21 11:05:08
Miniconda3-py38_4.10.3-MacOSX-x86_64.sh,53.3M,2021-07-21 11:05:08
Miniconda3-py38_4.10.3-Linux-x86_64.sh,98.8M,2021-07-21 11:05:08
Miniconda3-py38_4.10.3-Linux-ppc64le.sh,93.3M,2021-07-21 11:05:08
Miniconda3-py38_4.10.3-Linux-aarch64.sh,94.8M,2021-07-21 11:05:08
Miniconda3-py38_4.10.3-Windows-x86_64.exe,57.3M,2021-07-21 11:05:08
Miniconda3-py37_4.10.3-Windows-x86_64.exe,55.8M,2021-07-21 11:05:08
Miniconda3-py37_4.10.3-Linux-s390x.sh,84.1M,2021-07-21 11:05:08
Miniconda3-py38_4.10.3-MacOSX-x86_64.pkg,60.8M,2021-07-21 11:05:08
Miniconda3-py37_4.10.3-Linux-x86_64.sh,84.9M,2021-07-21 11:05:08
Miniconda3-py37_4.10.3-Linux-ppc64le.sh,88.1M,2021-07-21 11:05:08
Miniconda3-py38_4.10.3-Windows-x86.exe,54.5M,2021-07-21 11:05:08
Miniconda3-py39_4.10.3-Windows-x86.exe,55.3M,2021-07-21 11:05:08
Miniconda3-py38_4.10.3-Linux-s390x.sh,89.0M,2021-07-21 11:05:08
Miniconda3-py39_4.10.3-MacOSX-x86_64.sh,42.3M,2021-07-21 11:05:08
Miniconda3-py39_4.10.3-Linux-s390x.sh,57.1M,2021-07-21 11:05:08
Miniconda3-py37_4.10.3-Windows-x86.exe,52.9M,2021-07-21 11:05:08
Miniconda3-py39_4.10.3-MacOSX-x86_64.pkg,49.9M,2021-07-21 11:05:08
Miniconda3-py39_4.10.3-Windows-x86_64.exe,58.1M,2021-07-21 11:05:08
Miniconda3-py39_4.10.3-Linux-aarch64.sh,62.6M,2021-07-21 11:05:08
Miniconda3-py39_4.10.3-Linux-ppc64le.sh,60.6M,2021-07-21 11:05:07
Miniconda3-py37_4.10.3-MacOSX-x86_64.pkg,58.1M,2021-07-21 11:05:07
Miniconda3-py37_4.10.3-Linux-aarch64.sh,89.2M,2021-07-21 11:05:07
Miniconda3-py39_4.10.1-Linux-s390x.sh,57.1M,2021-06-01 18:38:17
Miniconda3-py38_4.10.1-Linux-s390x.sh,89.0M,2021-06-01 18:38:14
Miniconda3-py37_4.10.1-Linux-s390x.sh,84.1M,2021-06-01 18:38:01
Miniconda3-py39_4.10.1-Linux-aarch64.sh,69.8M,2021-06-01 18:33:49
Miniconda3-py38_4.10.1-Linux-aarch64.sh,111.1M,2021-06-01 18:33:45
Miniconda3-py37_4.10.1-Linux-aarch64.sh,104.5M,2021-06-01 18:33:41
Miniconda3-py39_4.9.2-Linux-s390x.sh,67.0M,2021-05-14 10:11:19
Miniconda3-py38_4.9.2-Linux-s390x.sh,102.5M,2021-05-14 10:11:19
Miniconda3-py37_4.9.2-Linux-s390x.sh,97.4M,2021-05-14 10:11:19
Miniconda3-py39_4.9.2-Linux-aarch64.sh,76.2M,2021-03-16 18:15:18
Miniconda3-py38_4.9.2-Linux-aarch64.sh,111.8M,2021-03-16 18:15:18
Miniconda3-py37_4.9.2-Linux-aarch64.sh,105.3M,2021-03-16 18:15:18
Miniconda3-py39_4.9.2-Windows-x86.exe,54.9M,2020-12-21 11:02:47
Miniconda3-py39_4.9.2-Windows-x86_64.exe,57.7M,2020-12-21 11:02:47
Miniconda3-py39_4.9.2-MacOSX-x86_64.sh,42.2M,2020-12-21 11:02:47
Miniconda3-py39_4.9.2-MacOSX-x86_64.pkg,49.7M,2020-12-21 11:02:47
Miniconda3-py39_4.9.2-Linux-x86_64.sh,58.6M,2020-12-21 11:02:47
Miniconda3-py39_4.9.2-Linux-ppc64le.sh,60.3M,2020-12-21 11:02:47
Miniconda3-py38_4.9.2-Linux-x86_64.sh,89.9M,2020-11-23 13:06:13
Miniconda3-py37_4.9.2-MacOSX-x86_64.sh,53.4M,2020-11-23 13:06:13
Miniconda3-py37_4.9.2-MacOSX-x86_64.pkg,60.9M,2020-11-23 13:06:13
Miniconda3-py38_4.9.2-MacOSX-x86_64.sh,54.5M,2020-11-23 13:06:13
Miniconda3-py38_4.9.2-MacOSX-x86_64.pkg,62.0M,2020-11-23 13:06:13
Miniconda3-py38_4.9.2-Linux-ppc64le.sh,91.9M,2020-11-23 13:06:13
Miniconda3-py37_4.9.2-Linux-x86_64.sh,85.9M,2020-11-23 13:06:13
Miniconda3-py38_4.9.2-Windows-x86_64.exe,57.0M,2020-11-23 13:06:12
Miniconda3-py37_4.9.2-Windows-x86_64.exe,55.8M,2020-11-23 13:06:12
Miniconda3-py37_4.9.2-Linux-ppc64le.sh,88.1M,2020-11-23 13:06:12
Miniconda3-py38_4.9.2-Windows-x86.exe,54.2M,2020-11-23 13:06:12
Miniconda3-py37_4.9.2-Windows-x86.exe,52.9M,2020-11-23 13:06:12
Miniconda3-py38_4.8.3-Linux-x86_64.sh,88.7M,2020-06-16 14:57:56
Miniconda3-py37_4.8.3-Linux-x86_64.sh,84.8M,2020-06-16 14:57:55
Miniconda3-py38_4.8.3-Windows-x86.exe,49.6M,2020-06-16 14:57:54
Miniconda3-py38_4.8.3-Windows-x86_64.exe,55.7M,2020-06-16 14:57:53
Miniconda3-py38_4.8.3-MacOSX-x86_64.sh,53.2M,2020-06-16 14:57:53
Miniconda3-py37_4.8.3-MacOSX-x86_64.sh,52.3M,2020-06-16 14:57:52
Miniconda3-py38_4.8.3-Linux-ppc64le.sh,92.1M,2020-06-16 14:57:50
Miniconda3-py37_4.8.3-Windows-x86_64.exe,54.6M,2020-06-16 14:57:48
Miniconda3-py37_4.8.3-Windows-x86.exe,48.3M,2020-06-16 14:57:48
Miniconda3-py37_4.8.3-Linux-ppc64le.sh,88.1M,2020-06-16 14:57:45
Miniconda3-py38_4.8.3-MacOSX-x86_64.pkg,61.3M,2020-06-16 14:56:45
Miniconda3-py37_4.8.3-MacOSX-x86_64.pkg,60.4M,2020-06-16 14:56:44
Miniconda3-py38_4.8.2-MacOSX-x86_64.pkg,62.3M,2020-03-11 10:40:18
Miniconda3-py38_4.8.2-Windows-x86_64.exe,52.7M,2020-03-11 10:40:08
Miniconda3-py38_4.8.2-MacOSX-x86_64.sh,51.3M,2020-03-11 10:39:58
Miniconda3-py38_4.8.2-Linux-x86_64.sh,85.7M,2020-03-11 10:39:44
Miniconda3-py38_4.8.2-Linux-ppc64le.sh,50.5M,2020-03-11 10:39:28
Miniconda3-py37_4.8.2-MacOSX-x86_64.pkg,61.3M,2020-03-11 10:39:17
Miniconda3-py37_4.8.2-Windows-x86.exe,52.2M,2020-03-11 10:38:51
Miniconda3-py37_4.8.2-Windows-x86_64.exe,51.6M,2020-03-11 10:38:26
Miniconda3-py37_4.8.2-MacOSX-x86_64.sh,50.3M,2020-03-11 10:37:45
Miniconda3-py37_4.8.2-Linux-x86_64.sh,81.1M,2020-03-11 10:37:27
Miniconda3-py37_4.8.2-Linux-ppc64le.sh,50.1M,2020-03-11 10:37:04
Miniconda3-4.7.12.1-MacOSX-x86_64.sh,49.4M,2019-10-25 14:32:09
Miniconda3-4.7.12.1-Linux-x86_64.sh,68.5M,2019-10-25 14:32:09
Miniconda3-4.7.12.1-Linux-ppc64le.sh,78.0M,2019-10-25 14:32:09
Miniconda3-4.7.12.1-Windows-x86_64.exe,51.5M,2019-10-25 14:32:08
Miniconda3-4.7.12.1-Windows-x86.exe,54.0M,2019-10-25 14:32:08
Miniconda3-4.7.12.1-MacOSX-x86_64.pkg,59.8M,2019-10-25 14:32:08
Miniconda3-4.7.12-MacOSX-x86_64.sh,48.2M,2019-10-16 14:11:27
Miniconda3-4.7.12-Windows-x86_64.exe,50.6M,2019-10-16 14:11:26
Miniconda3-4.7.12-Windows-x86.exe,53.2M,2019-10-16 14:11:26
Miniconda3-4.7.12-MacOSX-x86_64.pkg,59.8M,2019-10-16 14:11:26
Miniconda3-4.7.12-Linux-x86_64.sh,67.2M,2019-10-16 14:11:26
Miniconda3-4.7.12-Linux-ppc64le.sh,76.8M,2019-10-16 14:11:25
Miniconda3-4.7.10-Linux-ppc64le.sh,82.6M,2019-07-29 09:15:39
Miniconda3-4.7.10-Windows-x86_64.exe,72.6M,2019-07-29 09:15:38
Miniconda3-4.7.10-Windows-x86.exe,67.4M,2019-07-29 09:15:38
Miniconda3-4.7.10-MacOSX-x86_64.pkg,68.0M,2019-07-29 09:15:38
Miniconda3-4.7.10-MacOSX-x86_64.sh,52.0M,2019-07-29 09:15:37
Miniconda3-4.7.10-Linux-x86_64.sh,71.8M,2019-07-29 09:15:37
Miniconda3-4.6.14-Windows-x86.exe,55.0M,2019-04-19 10:23:50
Miniconda3-4.6.14-MacOSX-x86_64.pkg,49.9M,2019-04-19 10:23:49
Miniconda3-4.6.14-Windows-x86_64.exe,58.4M,2019-04-19 10:23:48
Miniconda3-4.6.14-Linux-x86_64.sh,67.1M,2019-04-19 10:23:47
Miniconda3-4.6.14-Linux-ppc64le.sh,67.0M,2019-04-19 10:23:46
Miniconda3-4.6.14-MacOSX-x86_64.sh,44.0M,2019-04-19 10:23:42
Miniconda3-4.5.12-Linux-x86_64.sh,66.6M,2019-01-02 10:05:18
Miniconda3-4.5.12-Windows-x86_64.exe,56.1M,2019-01-02 10:05:15
Miniconda3-4.5.12-Windows-x86.exe,52.5M,2019-01-02 10:05:14
Miniconda3-4.5.12-MacOSX-x86_64.sh,43.3M,2019-01-02 10:05:14
Miniconda3-4.5.12-MacOSX-x86_64.pkg,49.7M,2019-01-02 10:05:14
Miniconda3-4.5.12-Linux-x86.sh,62.7M,2019-01-02 10:05:14
Miniconda3-4.5.11-Windows-x86.exe,49.0M,2018-09-04 11:57:28
Miniconda3-4.5.11-Windows-x86_64.exe,52.8M,2018-09-04 11:57:27
Miniconda3-4.5.11-MacOSX-x86_64.sh,36.3M,2018-09-04 11:57:27
Miniconda3-4.5.11-MacOSX-x86_64.pkg,41.7M,2018-09-04 11:57:27
Miniconda3-4.5.11-Linux-x86.sh,56.5M,2018-09-04 11:57:27
Miniconda3-4.5.11-Linux-x86_64.sh,59.7M,2018-09-04 11:57:26
Miniconda3-4.5.11-Linux-ppc64le.sh,60.1M,2018-09-04 11:57:26
Miniconda3-4.5.4-Windows-x86.exe,51.1M,2018-06-07 00:10:06
Miniconda3-4.5.4-Windows-x86_64.exe,54.8M,2018-06-06 23:52:12
Miniconda3-4.5.4-MacOSX-x86_64.pkg,40.2M,2018-06-06 23:12:28
Miniconda3-4.5.4-MacOSX-x86_64.sh,34.9M,2018-06-06 23:12:26
Miniconda3-4.5.4-Linux-ppc64le.sh,54.9M,2018-06-06 23:07:24
Miniconda3-4.5.4-Linux-x86.sh,53.7M,2018-06-06 22:27:35
Miniconda3-4.5.4-Linux-x86_64.sh,55.8M,2018-06-06 22:24:39
Miniconda3-4.5.1-Windows-x86_64.exe,52.4M,2018-05-02 13:05:55
Miniconda3-4.5.1-Linux-x86.sh,54.1M,2018-05-02 13:05:43
Miniconda3-4.5.1-Linux-x86_64.sh,56.1M,2018-05-02 13:05:42
Miniconda3-4.5.1-MacOSX-x86_64.sh,35.3M,2018-05-02 13:05:15
Miniconda3-4.5.1-MacOSX-x86_64.pkg,40.8M,2018-05-02 13:05:14
Miniconda3-4.5.1-Windows-x86.exe,48.8M,2018-05-02 13:04:49
Miniconda3-4.5.1-Linux-ppc64le.sh,54.8M,2018-05-02 13:04:48
Miniconda3-4.4.10-Windows-x86_64.exe,53.8M,2018-02-20 13:04:25
Miniconda3-4.4.10-Windows-x86.exe,50.4M,2018-02-20 13:04:25
Miniconda3-4.4.10-MacOSX-x86_64.sh,34.9M,2018-02-20 13:04:25
Miniconda3-4.4.10-MacOSX-x86_64.pkg,40.2M,2018-02-20 13:04:25
Miniconda3-4.4.10-Linux-x86.sh,53.0M,2018-02-20 13:04:25
Miniconda3-4.4.10-Linux-x86_64.sh,55.6M,2018-02-20 13:04:24
Miniconda3-4.4.10-Linux-ppc64le.sh,54.6M,2018-02-20 13:04:24
Miniconda3-4.3.31-Windows-x86_64.exe,55.8M,2017-12-19 07:17:32
Miniconda3-4.3.31-Windows-x86.exe,51.9M,2017-12-19 07:17:32
Miniconda3-4.3.31-MacOSX-x86_64.sh,34.3M,2017-12-19 07:17:32
Miniconda3-4.3.31-MacOSX-x86_64.pkg,39.6M,2017-12-19 07:17:32
Miniconda3-4.3.31-Linux-x86_64.sh,55.0M,2017-12-19 07:17:32
Miniconda3-4.3.31-Linux-x86.sh,52.5M,2017-12-19 07:17:32
Miniconda3-4.3.30.2-Windows-x86.exe,51.5M,2017-11-20 19:13:57
Miniconda3-4.3.30.2-Windows-x86_64.exe,55.5M,2017-11-20 19:13:22
Miniconda3-4.3.30.1-MacOSX-x86_64.pkg,36.7M,2017-10-26 12:42:51
Miniconda3-4.3.30.1-MacOSX-x86_64.sh,31.6M,2017-10-26 12:42:50
Miniconda3-4.3.30-Windows-x86_64.exe,52.1M,2017-10-19 19:21:17
Miniconda3-4.3.30-Windows-x86.exe,45.8M,2017-10-19 19:20:46
Miniconda3-4.3.30-Linux-x86.sh,49.2M,2017-10-19 17:59:07
Miniconda3-4.3.30-Linux-x86_64.sh,51.7M,2017-10-19 17:52:40
Miniconda3-4.3.30-MacOSX-x86_64.sh,31.5M,2017-10-19 17:47:34
Miniconda3-4.3.30-MacOSX-x86_64.pkg,36.7M,2017-10-19 17:47:34
Miniconda3-4.3.27.1-Linux-x86_64.sh,51.6M,2017-10-02 08:52:08
Miniconda3-4.3.27.1-Linux-x86.sh,49.2M,2017-10-01 04:00:02
Miniconda3-4.3.27-Linux-ppc64le.sh,34.4M,2017-09-27 12:00:12
Miniconda3-4.3.27-Windows-x86_64.exe,49.1M,2017-09-26 16:55:40
Miniconda3-4.3.27-Windows-x86.exe,45.5M,2017-09-26 16:55:34
Miniconda3-4.3.27-MacOSX-x86_64.sh,31.5M,2017-09-26 16:26:32
Miniconda3-4.3.27-MacOSX-x86_64.pkg,36.5M,2017-09-26 16:26:32
Miniconda3-4.3.27-Linux-x86_64.sh,51.0M,2017-09-26 16:26:32
Miniconda3-4.3.27-Linux-x86.sh,48.7M,2017-09-26 16:26:32
Miniconda3-4.3.21-Windows-x86_64.exe,57.8M,2017-06-02 11:25:10
Miniconda3-4.3.21-Windows-x86.exe,53.9M,2017-06-02 11:25:00
Miniconda3-4.3.21-MacOSX-x86_64.sh,24.3M,2017-06-02 11:15:22
Miniconda3-4.3.21-Linux-x86.sh,28.9M,2017-06-02 11:13:39
Miniconda3-4.3.21-Linux-x86_64.sh,33.4M,2017-06-02 11:12:07
Miniconda3-4.3.14-Windows-x86_64.exe,57.8M,2017-05-12 14:18:25
Miniconda3-4.3.14-Windows-x86.exe,53.8M,2017-05-12 14:18:16
Miniconda3-4.3.14-MacOSX-x86_64.sh,24.0M,2017-05-12 14:11:46
Miniconda3-4.3.14-Linux-x86.sh,28.6M,2017-05-12 14:11:36
Miniconda3-4.3.14-Linux-x86_64.sh,33.1M,2017-05-12 14:11:25
Miniconda3-4.3.14-Linux-ppc64le.sh,33.2M,2017-03-17 15:39:57
Miniconda3-4.3.11-Windows-x86_64.exe,57.8M,2017-02-14 11:24:07
Miniconda3-4.3.11-Windows-x86.exe,53.8M,2017-02-14 11:23:59
Miniconda3-4.3.11-MacOSX-x86_64.sh,24.0M,2017-02-14 11:20:38
Miniconda3-4.3.11-Linux-x86.sh,28.5M,2017-02-14 11:18:58
Miniconda3-4.3.11-Linux-x86_64.sh,33.1M,2017-02-14 11:18:45
Miniconda3-4.2.12-Linux-ppc64le.sh,31.1M,2016-11-04 15:03:09
Miniconda3-4.2.12-Windows-x86_64.exe,48.7M,2016-11-03 14:06:09
Miniconda3-4.2.12-Windows-x86.exe,46.3M,2016-11-03 14:06:03
Miniconda3-4.2.12-MacOSX-x86_64.sh,23.8M,2016-11-03 14:05:03
Miniconda3-4.2.12-Linux-x86.sh,27.7M,2016-11-03 14:04:59
Miniconda3-4.2.12-Linux-x86_64.sh,32.3M,2016-11-03 14:04:49
Miniconda3-4.2.11-Windows-x86_64.exe,48.7M,2016-10-25 19:11:26
Miniconda3-4.2.11-Windows-x86.exe,46.3M,2016-10-25 19:11:19
Miniconda3-4.2.11-MacOSX-x86_64.sh,23.8M,2016-10-24 12:55:07
Miniconda3-4.2.11-Linux-x86.sh,27.7M,2016-10-24 12:54:50
Miniconda3-4.2.11-Linux-x86_64.sh,32.3M,2016-10-24 12:54:38
Miniconda3-4.1.11-Windows-x86_64.exe,38.4M,2016-07-28 21:33:00
Miniconda3-4.1.11-Windows-x86.exe,36.8M,2016-07-28 21:33:00
Miniconda3-4.1.11-MacOSX-x86_64.sh,23.7M,2016-07-28 21:33:00
Miniconda3-4.1.11-Linux-x86_64.sh,32.4M,2016-07-28 21:33:00
Miniconda3-4.1.11-Linux-x86.sh,27.8M,2016-07-28 21:33:00
Miniconda3-4.0.5-Windows-x86_64.exe,39.0M,2016-03-29 19:32:26
Miniconda3-4.0.5-Windows-x86.exe,36.0M,2016-03-29 19:32:26
Miniconda3-4.0.5-MacOSX-x86_64.sh,23.4M,2016-03-29 19:32:26
Miniconda3-4.0.5-Linux-x86_64.sh,31.4M,2016-03-29 19:32:26
Miniconda3-4.0.5-Linux-x86.sh,30.0M,2016-03-29 19:32:26
Miniconda3-3.19.0-Windows-x86_64.exe,34.6M,2015-12-17 14:20:29
Miniconda3-3.19.0-Windows-x86.exe,32.4M,2015-12-17 14:20:24
Miniconda3-3.19.0-MacOSX-x86_64.sh,22.6M,2015-12-17 14:18:55
Miniconda3-3.19.0-Linux-x86.sh,28.3M,2015-12-17 14:18:09
Miniconda3-3.19.0-Linux-x86_64.sh,29.6M,2015-12-17 14:16:41
Miniconda3-3.18.9-Windows-x86_64.exe,34.5M,2015-12-10 14:22:37
Miniconda3-3.18.9-Windows-x86.exe,32.0M,2015-12-10 14:22:32
Miniconda3-3.18.8-MacOSX-x86_64.sh,22.5M,2015-12-10 14:19:16
Miniconda3-3.18.9-Linux-x86.sh,28.2M,2015-12-10 14:18:49
Miniconda3-3.18.9-Linux-x86_64.sh,29.6M,2015-12-10 14:18:09
Miniconda3-3.18.3-Windows-x86_64.exe,40.4M,2015-11-03 13:25:08
Miniconda3-3.18.3-Windows-x86.exe,29.4M,2015-11-03 13:24:55
Miniconda3-3.18.3-MacOSX-x86_64.sh,20.7M,2015-11-03 11:30:21
Miniconda3-3.18.3-Linux-x86.sh,26.4M,2015-11-03 11:29:34
Miniconda3-3.18.3-Linux-x86_64.sh,27.7M,2015-11-03 11:28:58
Miniconda3-3.16.0-Windows-x86_64.exe,41.2M,2015-08-24 13:38:13
Miniconda3-3.16.0-Windows-x86.exe,38.5M,2015-08-24 13:38:07
Miniconda3-3.16.0-MacOSX-x86_64.sh,26.3M,2015-08-24 13:36:11
Miniconda3-3.16.0-Linux-x86.sh,32.3M,2015-08-24 13:35:30
Miniconda3-3.16.0-Linux-x86_64.sh,33.3M,2015-08-24 13:34:48
Miniconda3-3.16.0-MacOSX-x86.sh,26.0M,2015-08-24 13:34:40
Miniconda3-3.16.0-Linux-ppc64le.sh,33.6M,2015-08-24 12:42:21
Miniconda3-3.16.0-Linux-armv7l.sh,29.9M,2015-08-24 11:01:17
Miniconda3-3.10.1-Windows-x86_64.exe,40.8M,2015-04-15 17:04:42
Miniconda3-3.10.1-Windows-x86.exe,38.1M,2015-04-15 17:02:53
Miniconda3-3.10.1-MacOSX-x86_64.sh,25.9M,2015-04-15 16:55:50
Miniconda3-3.10.1-Linux-x86.sh,32.0M,2015-04-15 16:54:05
Miniconda3-3.10.1-Linux-x86_64.sh,32.9M,2015-04-15 16:51:59
Miniconda3-3.9.1-Windows-x86_64.exe,40.5M,2015-02-25 11:31:53
Miniconda3-3.9.1-Windows-x86.exe,37.7M,2015-02-25 11:31:43
Miniconda3-3.9.1-MacOSX-x86_64.sh,25.8M,2015-02-25 11:29:22
Miniconda3-3.9.1-Linux-x86.sh,31.2M,2015-02-25 11:28:40
Miniconda3-3.9.1-Linux-x86_64.sh,32.4M,2015-02-25 11:27:32
Miniconda3-3.8.3-Windows-x86_64.exe,40.5M,2015-01-28 11:43:20
Miniconda3-3.8.3-Windows-x86.exe,37.7M,2015-01-28 11:43:09
Miniconda3-3.8.3-MacOSX-x86_64.sh,25.8M,2015-01-28 11:39:09
Miniconda3-3.8.3-Linux-x86.sh,31.2M,2015-01-28 11:38:40
Miniconda3-3.8.3-Linux-x86_64.sh,32.4M,2015-01-28 11:38:13
Miniconda3-3.7.3-Windows-x86_64.exe,40.4M,2014-11-21 16:24:53
Miniconda3-3.7.3-Windows-x86.exe,37.7M,2014-11-21 16:24:38
Miniconda3-3.7.3-MacOSX-x86_64.sh,25.6M,2014-11-21 16:22:03
Miniconda3-3.7.3-Linux-x86.sh,31.0M,2014-11-21 16:21:37
Miniconda3-3.7.3-Linux-x86_64.sh,32.2M,2014-11-21 16:21:25
Miniconda3-3.7.0-Windows-x86_64.exe,40.2M,2014-09-22 14:59:54
Miniconda3-3.7.0-Windows-x86.exe,37.5M,2014-09-22 14:59:37
Miniconda3-3.7.0-MacOSX-x86_64.sh,25.4M,2014-09-22 14:57:40
Miniconda3-3.7.0-Linux-x86.sh,31.0M,2014-09-22 14:57:28
Miniconda3-3.7.0-Linux-x86_64.sh,32.1M,2014-09-22 14:57:18
Miniconda3-3.6.0-Windows-x86_64.exe,40.2M,2014-08-11 14:31:04
Miniconda3-3.6.0-Windows-x86.exe,37.5M,2014-08-11 14:30:53
Miniconda3-3.6.0-MacOSX-x86_64.sh,25.1M,2014-08-11 14:29:44
Miniconda3-3.6.0-Linux-x86.sh,29.5M,2014-08-11 14:28:04
Miniconda3-3.6.0-Linux-x86_64.sh,30.0M,2014-08-11 14:25:22
Miniconda3-3.5.5-Windows-x86_64.exe,40.1M,2014-06-27 15:50:56
Miniconda3-3.5.5-Windows-x86.exe,37.4M,2014-06-27 15:50:41
Miniconda3-3.5.5-MacOSX-x86_64.sh,25.1M,2014-06-11 11:55:36
Miniconda3-3.5.5-Linux-x86.sh,29.5M,2014-06-11 11:54:55
Miniconda3-3.5.5-Linux-x86_64.sh,30.0M,2014-06-11 11:54:24
Miniconda3-3.5.2-Windows-x86_64.exe,40.0M,2014-05-28 16:09:23
Miniconda3-3.5.2-Windows-x86.exe,37.3M,2014-05-28 16:09:11
Miniconda3-3.5.2-MacOSX-x86_64.sh,25.1M,2014-05-28 16:07:15
Miniconda3-3.5.2-Linux-x86.sh,29.5M,2014-05-28 16:06:50
Miniconda3-3.5.2-Linux-x86_64.sh,30.0M,2014-05-28 16:06:33
Miniconda3-3.4.2-Windows-x86_64.exe,35.6M,2014-04-25 14:14:32
Miniconda3-3.4.2-Windows-x86.exe,33.0M,2014-04-25 14:14:22
Miniconda3-3.4.2-MacOSX-x86_64.sh,21.9M,2014-04-25 14:12:11
Miniconda3-3.4.2-Linux-x86.sh,26.0M,2014-04-25 14:11:40
Miniconda3-3.4.2-Linux-x86_64.sh,26.5M,2014-04-25 14:11:23
Miniconda3-3.3.0-Windows-x86_64.exe,35.5M,2014-03-19 11:12:33
Miniconda3-3.3.0-Windows-x86.exe,32.9M,2014-03-19 11:12:22
Miniconda3-3.3.0-MacOSX-x86_64.sh,21.8M,2014-03-19 11:10:05
Miniconda3-3.3.0-Linux-x86.sh,25.9M,2014-03-19 11:09:38
Miniconda3-3.3.0-Linux-x86_64.sh,26.5M,2014-03-19 11:09:14
Miniconda3-3.0.5-Windows-x86_64.exe,34.0M,2014-02-18 10:16:46
Miniconda3-3.0.5-Windows-x86.exe,31.9M,2014-02-18 10:16:34
Miniconda3-3.0.5-Linux-x86.sh,25.7M,2014-02-18 10:14:08
Miniconda3-3.0.5-MacOSX-x86_64.sh,21.7M,2014-02-18 10:13:58
Miniconda3-3.0.5-Linux-x86_64.sh,26.2M,2014-02-18 10:13:04
Miniconda3-3.0.4-Windows-x86_64.exe,34.0M,2014-02-14 11:41:54
Miniconda3-3.0.4-Windows-x86.exe,31.9M,2014-02-14 11:41:44
Miniconda3-3.0.4-MacOSX-x86_64.sh,21.7M,2014-02-14 11:39:18
Miniconda3-3.0.4-Linux-x86.sh,25.7M,2014-02-14 11:38:53
Miniconda3-3.0.4-Linux-x86_64.sh,26.2M,2014-02-14 11:38:36
Miniconda3-3.0.0-Windows-x86_64.exe,33.8M,2014-01-24 14:09:48
Miniconda3-3.0.0-Windows-x86.exe,31.8M,2014-01-24 14:09:37
Miniconda3-3.0.0-MacOSX-x86_64.sh,21.6M,2014-01-24 14:08:02
Miniconda3-3.0.0-Linux-x86.sh,25.6M,2014-01-24 14:07:48
Miniconda3-3.0.0-Linux-x86_64.sh,26.2M,2014-01-24 14:07:41
Miniconda3-2.2.8-Windows-x86_64.exe,33.9M,2014-01-11 12:51:57
Miniconda3-2.2.8-Windows-x86.exe,31.9M,2014-01-11 12:51:46
Miniconda3-2.2.2-MacOSX-x86_64.sh,19.5M,2013-11-27 13:13:46
Miniconda3-2.2.2-Linux-x86.sh,25.6M,2013-11-27 13:12:31
Miniconda3-2.2.2-Linux-x86_64.sh,26.2M,2013-11-27 13:11:47
Miniconda2-latest-MacOSX-x86_64.sh,40.3M,2020-06-16 14:57:58
Miniconda2-latest-Linux-ppc64le.sh,51.9M,2020-06-16 14:57:51
Miniconda2-latest-Windows-x86.exe,47.7M,2020-06-16 14:57:49
Miniconda2-latest-Windows-x86_64.exe,54.1M,2020-06-16 14:57:46
Miniconda2-latest-Linux-x86_64.sh,48.7M,2020-06-16 14:57:45
Miniconda2-latest-MacOSX-x86_64.pkg,48.4M,2020-06-16 14:56:46
Miniconda2-latest-Linux-x86.sh,39.0M,2019-01-02 10:05:16
Miniconda2-py27_4.8.3-MacOSX-x86_64.sh,40.3M,2020-06-16 14:57:58
Miniconda2-py27_4.8.3-Linux-ppc64le.sh,51.9M,2020-06-16 14:57:51
Miniconda2-py27_4.8.3-Windows-x86.exe,47.7M,2020-06-16 14:57:49
Miniconda2-py27_4.8.3-Windows-x86_64.exe,54.1M,2020-06-16 14:57:46
Miniconda2-py27_4.8.3-Linux-x86_64.sh,48.7M,2020-06-16 14:57:45
Miniconda2-py27_4.8.3-MacOSX-x86_64.pkg,48.4M,2020-06-16 14:56:46
Miniconda2-4.7.12.1-Windows-x86.exe,48.7M,2019-10-25 14:32:09
Miniconda2-4.7.12.1-MacOSX-x86_64.pkg,47.8M,2019-10-25 14:32:09
Miniconda2-4.7.12.1-Windows-x86_64.exe,50.9M,2019-10-25 14:32:08
Miniconda2-4.7.12.1-MacOSX-x86_64.sh,39.4M,2019-10-25 14:32:08
Miniconda2-4.7.12.1-Linux-x86_64.sh,46.0M,2019-10-25 14:32:08
Miniconda2-4.7.12.1-Linux-ppc64le.sh,50.9M,2019-10-25 14:32:08
Miniconda2-4.7.12-Windows-x86.exe,48.0M,2019-10-16 14:11:27
Miniconda2-4.7.12-MacOSX-x86_64.sh,38.1M,2019-10-16 14:11:26
Miniconda2-4.7.12-MacOSX-x86_64.pkg,47.8M,2019-10-16 14:11:26
Miniconda2-4.7.12-Linux-x86_64.sh,44.8M,2019-10-16 14:11:26
Miniconda2-4.7.12-Linux-ppc64le.sh,49.5M,2019-10-16 14:11:26
Miniconda2-4.7.12-Windows-x86_64.exe,50.0M,2019-10-16 14:11:25
Miniconda2-4.7.10-Windows-x86.exe,66.3M,2019-07-29 09:15:40
Miniconda2-4.7.10-Windows-x86_64.exe,71.7M,2019-07-29 09:15:39
Miniconda2-4.7.10-MacOSX-x86_64.pkg,56.4M,2019-07-29 09:15:39
Miniconda2-4.7.10-Linux-x86_64.sh,49.7M,2019-07-29 09:15:39
Miniconda2-4.7.10-MacOSX-x86_64.sh,42.3M,2019-07-29 09:15:37
Miniconda2-4.7.10-Linux-ppc64le.sh,58.9M,2019-07-29 09:15:37
Miniconda2-4.6.14-MacOSX-x86_64.pkg,38.0M,2019-04-19 10:23:49
Miniconda2-4.6.14-Windows-x86.exe,57.0M,2019-04-19 10:23:45
Miniconda2-4.6.14-Windows-x86_64.exe,61.3M,2019-04-19 10:23:44
Miniconda2-4.6.14-Linux-x86_64.sh,43.0M,2019-04-19 10:23:43
Miniconda2-4.6.14-MacOSX-x86_64.sh,33.0M,2019-04-19 10:23:42
Miniconda2-4.6.14-Linux-ppc64le.sh,42.9M,2019-04-17 16:59:37
Miniconda2-4.5.12-Windows-x86.exe,55.0M,2019-01-02 10:05:17
Miniconda2-4.5.12-MacOSX-x86_64.pkg,38.4M,2019-01-02 10:05:17
Miniconda2-4.5.12-Windows-x86_64.exe,59.2M,2019-01-02 10:05:16
Miniconda2-4.5.12-Linux-x86.sh,39.0M,2019-01-02 10:05:16
Miniconda2-4.5.12-Linux-ppc64le.sh,42.9M,2019-01-02 10:05:16
Miniconda2-4.5.12-Linux-x86_64.sh,42.8M,2019-01-02 10:05:15
Miniconda2-4.5.12-MacOSX-x86_64.sh,33.1M,2019-01-02 10:05:14
Miniconda2-4.5.11-Windows-x86_64.exe,54.5M,2018-09-04 11:57:26
Miniconda2-4.5.11-Windows-x86.exe,50.5M,2018-09-04 11:57:26
Miniconda2-4.5.11-MacOSX-x86_64.sh,30.4M,2018-09-04 11:57:25
Miniconda2-4.5.11-MacOSX-x86_64.pkg,35.2M,2018-09-04 11:57:25
Miniconda2-4.5.11-Linux-x86_64.sh,39.9M,2018-09-04 11:57:25
Miniconda2-4.5.11-Linux-x86.sh,36.1M,2018-09-04 11:57:25
Miniconda2-4.5.11-Linux-ppc64le.sh,39.7M,2018-09-04 11:57:24
Miniconda2-4.5.4-Windows-x86.exe,51.8M,2018-06-07 00:09:59
Miniconda2-4.5.4-Windows-x86_64.exe,55.9M,2018-06-06 23:52:04
Miniconda2-4.5.4-MacOSX-x86_64.pkg,34.5M,2018-06-06 23:12:27
Miniconda2-4.5.4-MacOSX-x86_64.sh,29.8M,2018-06-06 23:12:26
Miniconda2-4.5.4-Linux-ppc64le.sh,36.9M,2018-06-06 23:07:18
Miniconda2-4.5.4-Linux-x86.sh,35.5M,2018-06-06 22:27:33
Miniconda2-4.5.4-Linux-x86_64.sh,38.1M,2018-06-06 22:24:38
Miniconda2-4.5.1-Windows-x86_64.exe,53.2M,2018-05-02 13:05:55
Miniconda2-4.5.1-Linux-x86.sh,35.8M,2018-05-02 13:05:42
Miniconda2-4.5.1-Linux-x86_64.sh,38.4M,2018-05-02 13:05:41
Miniconda2-4.5.1-MacOSX-x86_64.sh,30.1M,2018-05-02 13:05:14
Miniconda2-4.5.1-MacOSX-x86_64.pkg,34.8M,2018-05-02 13:05:14
Miniconda2-4.5.1-Windows-x86.exe,49.3M,2018-05-02 13:04:48
Miniconda2-4.5.1-Linux-ppc64le.sh,36.6M,2018-05-02 13:04:48
Miniconda2-4.4.10-Windows-x86_64.exe,54.5M,2018-02-20 13:04:24
Miniconda2-4.4.10-Windows-x86.exe,50.7M,2018-02-20 13:04:24
Miniconda2-4.4.10-MacOSX-x86_64.sh,29.7M,2018-02-20 13:04:24
Miniconda2-4.4.10-MacOSX-x86_64.pkg,34.4M,2018-02-20 13:04:23
Miniconda2-4.4.10-Linux-x86_64.sh,38.0M,2018-02-20 13:04:23
Miniconda2-4.4.10-Linux-x86.sh,35.0M,2018-02-20 13:04:23
Miniconda2-4.4.10-Linux-ppc64le.sh,36.9M,2018-02-20 13:04:23
Miniconda2-4.3.31-Windows-x86_64.exe,56.0M,2017-12-19 07:17:32
Miniconda2-4.3.31-Windows-x86.exe,52.4M,2017-12-19 07:17:32
Miniconda2-4.3.31-MacOSX-x86_64.sh,29.2M,2017-12-19 07:17:31
Miniconda2-4.3.31-MacOSX-x86_64.pkg,33.8M,2017-12-19 07:17:31
Miniconda2-4.3.31-Linux-x86_64.sh,37.5M,2017-12-19 07:17:31
Miniconda2-4.3.31-Linux-x86.sh,34.5M,2017-12-19 07:17:31
Miniconda2-4.3.30.2-Windows-x86.exe,52.1M,2017-11-20 19:13:50
Miniconda2-4.3.30.2-Windows-x86_64.exe,55.7M,2017-11-20 19:13:15
Miniconda2-4.3.30.1-MacOSX-x86_64.pkg,31.4M,2017-10-26 12:42:51
Miniconda2-4.3.30.1-MacOSX-x86_64.sh,26.9M,2017-10-26 12:42:50
Miniconda2-4.3.30-Windows-x86_64.exe,52.6M,2017-10-19 19:21:10
Miniconda2-4.3.30-Windows-x86.exe,48.9M,2017-10-19 19:20:41
Miniconda2-4.3.30-Linux-x86.sh,31.4M,2017-10-19 17:59:06
Miniconda2-4.3.30-Linux-x86_64.sh,34.5M,2017-10-19 17:52:40
Miniconda2-4.3.30-MacOSX-x86_64.pkg,31.3M,2017-10-19 17:47:35
Miniconda2-4.3.30-MacOSX-x86_64.sh,26.9M,2017-10-19 17:47:34
Miniconda2-4.3.27.1-Linux-x86_64.sh,34.4M,2017-10-02 08:52:08
Miniconda2-4.3.27.1-Linux-x86.sh,31.4M,2017-10-01 04:00:02
Miniconda2-4.3.27-Linux-ppc64le.sh,28.2M,2017-09-27 12:00:12
Miniconda2-4.3.27-Windows-x86_64.exe,52.1M,2017-09-26 16:55:26
Miniconda2-4.3.27-Windows-x86.exe,48.6M,2017-09-26 16:55:24
Miniconda2-4.3.27-MacOSX-x86_64.sh,26.8M,2017-09-26 16:26:31
Miniconda2-4.3.27-MacOSX-x86_64.pkg,31.2M,2017-09-26 16:26:31
Miniconda2-4.3.27-Linux-x86_64.sh,33.8M,2017-09-26 16:26:31
Miniconda2-4.3.27-Linux-x86.sh,30.9M,2017-09-26 16:26:31
Miniconda2-4.3.21-Windows-x86_64.exe,51.4M,2017-06-02 11:24:51
Miniconda2-4.3.21-Windows-x86.exe,47.7M,2017-06-02 11:24:42
Miniconda2-4.3.21-MacOSX-x86_64.sh,21.4M,2017-06-02 11:15:20
Miniconda2-4.3.21-Linux-x86.sh,23.5M,2017-06-02 11:13:37
Miniconda2-4.3.21-Linux-x86_64.sh,27.8M,2017-06-02 11:12:06
Miniconda2-4.3.14-Windows-x86_64.exe,51.2M,2017-05-12 14:17:54
Miniconda2-4.3.14-Windows-x86.exe,47.5M,2017-05-12 14:17:47
Miniconda2-4.3.14-MacOSX-x86_64.sh,21.1M,2017-05-12 14:11:45
Miniconda2-4.3.14-Linux-x86.sh,23.3M,2017-05-12 14:11:33
Miniconda2-4.3.14-Linux-x86_64.sh,27.5M,2017-05-12 14:11:24
Miniconda2-4.3.14-Linux-ppc64le.sh,27.2M,2017-03-17 15:39:53
Miniconda2-4.3.11-Windows-x86_64.exe,51.2M,2017-02-14 11:23:52
Miniconda2-4.3.11-Windows-x86.exe,47.5M,2017-02-14 11:23:45
Miniconda2-4.3.11-MacOSX-x86_64.sh,21.1M,2017-02-14 11:20:38
Miniconda2-4.3.11-Linux-x86.sh,23.2M,2017-02-14 11:18:56
Miniconda2-4.3.11-Linux-x86_64.sh,27.5M,2017-02-14 11:18:44
Miniconda2-4.2.15-MacOSX-x86_64.sh,21.4M,2017-01-12 13:27:24
Miniconda2-4.2.12-Linux-ppc64le.sh,25.5M,2016-11-04 15:02:58
Miniconda2-4.2.12-Windows-x86_64.exe,45.2M,2016-11-03 14:05:56
Miniconda2-4.2.12-Windows-x86.exe,42.3M,2016-11-03 14:05:50
Miniconda2-4.2.12-MacOSX-x86_64.sh,20.5M,2016-11-03 14:05:03
Miniconda2-4.2.12-Linux-x86.sh,22.5M,2016-11-03 14:04:57
Miniconda2-4.2.12-Linux-x86_64.sh,26.5M,2016-11-03 14:04:46
Miniconda2-4.2.11-Windows-x86_64.exe,45.2M,2016-10-25 19:11:13
Miniconda2-4.2.11-Windows-x86.exe,42.3M,2016-10-25 19:11:06
Miniconda2-4.2.11-MacOSX-x86_64.sh,20.5M,2016-10-24 12:55:07
Miniconda2-4.2.11-Linux-x86.sh,22.4M,2016-10-24 12:54:49
Miniconda2-4.2.11-Linux-x86_64.sh,26.5M,2016-10-24 12:54:38
Miniconda2-4.1.11-Windows-x86_64.exe,30.4M,2016-07-28 21:33:00
Miniconda2-4.1.11-Windows-x86.exe,29.3M,2016-07-28 21:33:00
Miniconda2-4.1.11-MacOSX-x86_64.sh,20.3M,2016-07-28 21:33:00
Miniconda2-4.1.11-Linux-x86_64.sh,26.5M,2016-07-28 21:33:00
Miniconda2-4.1.11-Linux-x86.sh,22.4M,2016-07-28 21:33:00
Miniconda2-4.0.5-Windows-x86_64.exe,30.0M,2016-03-29 19:32:26
Miniconda2-4.0.5-Windows-x86.exe,29.0M,2016-03-29 19:32:26
Miniconda2-4.0.5-MacOSX-x86_64.sh,20.3M,2016-03-29 19:32:26
Miniconda2-4.0.5-Linux-x86_64.sh,25.9M,2016-03-29 19:32:26
Miniconda2-4.0.5-Linux-x86.sh,24.7M,2016-03-29 19:32:26
Miniconda2-3.19.0-Windows-x86_64.exe,24.3M,2015-12-17 14:20:20
Miniconda2-3.19.0-Windows-x86.exe,23.2M,2015-12-17 14:20:16
Miniconda2-3.19.0-MacOSX-x86_64.sh,19.6M,2015-12-17 14:18:55
Miniconda2-3.19.0-Linux-x86.sh,23.0M,2015-12-17 14:18:08
Miniconda2-3.19.0-Linux-x86_64.sh,24.2M,2015-12-17 14:16:41
Miniconda2-3.18.9-Windows-x86_64.exe,24.2M,2015-12-10 14:22:27
Miniconda2-3.18.9-Windows-x86.exe,23.1M,2015-12-10 14:22:24
Miniconda2-3.18.8-MacOSX-x86_64.sh,19.5M,2015-12-10 14:19:16
Miniconda2-3.18.9-Linux-x86.sh,22.9M,2015-12-10 14:18:47
Miniconda2-3.18.9-Linux-x86_64.sh,24.2M,2015-12-10 14:18:08
Miniconda2-3.18.3-Windows-x86_64.exe,21.7M,2015-11-03 13:24:44
Miniconda2-3.18.3-Windows-x86.exe,20.4M,2015-11-03 13:24:36
Miniconda2-3.18.3-MacOSX-x86_64.sh,17.7M,2015-11-03 11:30:20
Miniconda2-3.18.3-Linux-x86.sh,21.2M,2015-11-03 11:29:32
Miniconda2-3.18.3-Linux-x86_64.sh,22.4M,2015-11-03 11:28:58
Miniconda-latest-Linux-armv7l.sh,19.8M,2015-08-24 12:34:00
index.json,2,2019-07-22 15:19:22
Miniconda-3.16.0-Windows-x86_64.exe,34.8M,2015-08-24 13:38:02
Miniconda-3.16.0-Windows-x86.exe,31.7M,2015-08-24 13:37:57
Miniconda-3.16.0-MacOSX-x86_64.sh,18.4M,2015-08-24 13:36:10
Miniconda-3.16.0-Linux-x86.sh,22.3M,2015-08-24 13:35:28
Miniconda-3.16.0-Linux-x86_64.sh,23.0M,2015-08-24 13:34:47
Miniconda-3.16.0-MacOSX-x86.sh,18.3M,2015-08-24 13:34:39
Miniconda-3.16.0-Linux-ppc64le.sh,23.0M,2015-08-24 12:20:06
Miniconda-3.16.0-Linux-armv7l.sh,19.8M,2015-08-24 11:01:14
Miniconda-3.10.1-Windows-x86_64.exe,33.7M,2015-04-15 17:01:10
Miniconda-3.10.1-Windows-x86.exe,31.0M,2015-04-15 16:59:47
Miniconda-3.10.1-MacOSX-x86_64.sh,17.9M,2015-04-15 16:55:49
Miniconda-3.10.1-Linux-x86.sh,21.9M,2015-04-15 16:54:01
Miniconda-3.10.1-Linux-x86_64.sh,22.7M,2015-04-15 16:51:55
Miniconda-3.9.1-Windows-x86_64.exe,33.6M,2015-02-25 11:31:34
Miniconda-3.9.1-Windows-x86.exe,30.9M,2015-02-25 11:31:26
Miniconda-3.9.1-MacOSX-x86_64.sh,18.0M,2015-02-25 11:29:20
Miniconda-3.9.1-Linux-x86.sh,21.4M,2015-02-25 11:28:41
Miniconda-3.9.1-Linux-x86_64.sh,22.4M,2015-02-25 11:27:32
Miniconda-3.8.3-Windows-x86_64.exe,33.6M,2015-01-28 11:43:01
Miniconda-3.8.3-Windows-x86.exe,30.9M,2015-01-28 11:42:52
Miniconda-3.8.3-MacOSX-x86_64.sh,17.9M,2015-01-28 11:39:07
Miniconda-3.8.3-Linux-x86.sh,21.4M,2015-01-28 11:38:41
Miniconda-3.8.3-Linux-x86_64.sh,22.4M,2015-01-28 11:38:13
Miniconda-3.7.3-Windows-x86_64.exe,31.9M,2014-11-21 16:24:26
Miniconda-3.7.3-Windows-x86.exe,29.2M,2014-11-21 16:24:15
Miniconda-3.7.3-MacOSX-x86_64.sh,16.3M,2014-11-21 16:22:02
Miniconda-3.7.3-Linux-x86.sh,19.7M,2014-11-21 16:21:37
Miniconda-3.7.3-Linux-x86_64.sh,20.7M,2014-11-21 16:21:25
Miniconda-3.7.0-Windows-x86_64.exe,31.9M,2014-09-22 14:59:25
Miniconda-3.7.0-Windows-x86.exe,29.2M,2014-09-22 14:59:14
Miniconda-3.7.0-MacOSX-x86_64.sh,16.3M,2014-09-22 14:57:39
Miniconda-3.7.0-Linux-x86.sh,19.7M,2014-09-22 14:57:28
Miniconda-3.7.0-Linux-x86_64.sh,20.7M,2014-09-22 14:57:18
Miniconda-3.6.0-Windows-x86_64.exe,31.8M,2014-08-11 14:30:40
Miniconda-3.6.0-Windows-x86.exe,29.2M,2014-08-11 14:30:31
Miniconda-3.6.0-MacOSX-x86_64.sh,16.1M,2014-08-11 14:29:43
Miniconda-3.6.0-Linux-x86.sh,19.0M,2014-08-11 14:28:04
Miniconda-3.6.0-Linux-x86_64.sh,19.8M,2014-08-11 14:25:23
Miniconda-3.5.5-Windows-x86_64.exe,31.7M,2014-06-27 15:50:30
Miniconda-3.5.5-Windows-x86.exe,29.1M,2014-06-27 15:50:20
Miniconda-3.5.5-Linux-armv6l.sh,14.7M,2014-06-16 14:54:53
Miniconda-3.5.5-MacOSX-x86_64.sh,16.2M,2014-06-11 11:55:35
Miniconda-3.5.5-Linux-x86.sh,18.9M,2014-06-11 11:54:56
Miniconda-3.5.5-Linux-x86_64.sh,19.8M,2014-06-11 11:54:24
Miniconda-3.5.2-Windows-x86_64.exe,31.1M,2014-05-28 16:08:59
Miniconda-3.5.2-Windows-x86.exe,28.6M,2014-05-28 16:08:49
Miniconda-3.5.2-MacOSX-x86_64.sh,16.1M,2014-05-28 16:07:13
Miniconda-3.5.2-Linux-x86.sh,18.8M,2014-05-28 16:06:50
Miniconda-3.5.2-Linux-x86_64.sh,19.7M,2014-05-28 16:06:33
Miniconda-3.4.2-Windows-x86_64.exe,30.5M,2014-04-25 14:14:12
Miniconda-3.4.2-Windows-x86.exe,28.1M,2014-04-25 14:14:02
Miniconda-3.4.2-MacOSX-x86_64.sh,15.2M,2014-04-25 14:12:10
Miniconda-3.4.2-Linux-x86.sh,18.3M,2014-04-25 14:11:41
Miniconda-3.4.2-Linux-x86_64.sh,19.2M,2014-04-25 14:11:23
Miniconda-3.3.0-Windows-x86_64.exe,30.4M,2014-03-19 11:12:12
Miniconda-3.3.0-Windows-x86.exe,28.0M,2014-03-19 11:12:02
Miniconda-3.3.0-MacOSX-x86_64.sh,15.2M,2014-03-19 11:10:04
Miniconda-3.3.0-Linux-x86.sh,18.2M,2014-03-19 11:09:37
Miniconda-3.3.0-Linux-x86_64.sh,19.1M,2014-03-19 11:09:13
Miniconda-3.0.5-Windows-x86_64.exe,29.0M,2014-02-18 10:16:25
Miniconda-3.0.5-Windows-x86.exe,27.1M,2014-02-18 10:16:15
Miniconda-3.0.5-Linux-x86.sh,18.0M,2014-02-18 10:14:08
Miniconda-3.0.5-MacOSX-x86_64.sh,15.1M,2014-02-18 10:13:57
Miniconda-3.0.5-Linux-x86_64.sh,18.9M,2014-02-18 10:13:04
Miniconda-3.0.4-Windows-x86_64.exe,29.0M,2014-02-14 11:41:33
Miniconda-3.0.4-Windows-x86.exe,27.1M,2014-02-14 11:41:24
Miniconda-3.0.4-MacOSX-x86_64.sh,15.1M,2014-02-14 11:39:17
Miniconda-3.0.4-Linux-x86.sh,18.0M,2014-02-14 11:38:53
Miniconda-3.0.4-Linux-x86_64.sh,18.9M,2014-02-14 11:38:36
Miniconda-3.0.0-Windows-x86_64.exe,29.0M,2014-01-24 14:09:27
Miniconda-3.0.0-Windows-x86.exe,27.1M,2014-01-24 14:09:17
Miniconda-3.0.0-MacOSX-x86_64.sh,15.1M,2014-01-24 14:08:01
Miniconda-3.0.0-Linux-x86.sh,18.0M,2014-01-24 14:07:47
Miniconda-3.0.0-Linux-x86_64.sh,18.9M,2014-01-24 14:07:41
Miniconda-2.2.8-Windows-x86_64.exe,29.1M,2014-01-11 12:51:36
Miniconda-2.2.8-Windows-x86.exe,27.1M,2014-01-11 12:51:27
Miniconda-2.2.2-MacOSX-x86_64.sh,13.0M,2013-11-27 13:13:45
Miniconda-2.2.2-Linux-x86.sh,18.0M,2013-11-27 13:12:30
Miniconda-2.2.2-Linux-x86_64.sh,18.9M,2013-11-27 13:11:47
Miniconda-2.0.3-MacOSX-x86.sh,12.9M,2013-11-01 23:36:15
Miniconda-2.0.0-Linux-x86_64.sh,18.9M,2013-10-01 15:59:54
Miniconda-1.6.2-Linux-x86_64.sh,18.9M,2013-09-10 10:25:11
Miniconda-1.9.1-Linux-x86_64.sh,18.9M,2013-09-06 15:52:09
Miniconda-1.6.0-Linux-x86_64.sh,18.7M,2013-06-21 15:30:53
